variable,horizon_weeks,model,n_origins,eff_independent_n,mean_crps,delta_vs_RW_equal,improvement_pct,dm_stat,dm_pvalue,hac_lag,boot_lo,boot_hi,significant_5pct
BRENT,1,CTS_equal,85,85.0,0.019347580679176562,-0.00033444296262527117,1.699230570554556,-1.0420139317954253,0.3003949920000957,0,-0.0009829756663137196,0.00034956330950581334,False
BRENT,1,CTSF_equal,85,85.0,0.0193531643848439,-0.00032885925695792925,1.6708609995746797,-1.1344354806312305,0.25983891233610157,0,-0.0009096040809478059,0.0002690995350819169,False
BRENT,1,VARL_equal,85,85.0,0.01936171338149423,-0.00032031026030759577,1.6274254423072072,-0.6889591934263869,0.4927475748620256,0,-0.0012493072593345738,0.000620105445551484,False
BRENT,1,CTSF_macro,85,85.0,0.019417128776743026,-0.00026489486505880557,1.3458721007539503,-0.7687341613624242,0.44420714911362214,0,-0.0009523108760165918,0.0004099311747099257,False
BRENT,1,CTS_macro,85,85.0,0.01943157563288969,-0.00025044800891213797,1.2724708265273397,-0.658628418398841,0.5119357068020314,0,-0.001023468928372631,0.0004900845133260038,False
BRENT,1,FHS_equal,85,85.0,0.01944461802102285,-0.00023740562077897737,1.2062053430053168,-0.8540373298857595,0.395513334381822,0,-0.0007792567830043826,0.0002829597995467034,False
BRENT,1,VARL_time,85,85.0,0.019453593170432583,-0.00022843047136924787,1.1606045980155053,-0.4713125700184179,0.6386393534360577,0,-0.0012146962802828103,0.0007531249657794336,False
BRENT,1,FHS_macro,85,85.0,0.019461658946106217,-0.00022036469569561477,1.1196241794344406,-0.6050046229443545,0.5468068842866085,0,-0.0009258981218062543,0.00043308531448091027,False
BRENT,1,CTSF_time,85,85.0,0.019510256576289565,-0.0001717670655122603,0.872710391158458,-0.5157032889865938,0.6074163694109989,0,-0.0008222743808813771,0.0004894797068182779,False
BRENT,1,FHS_time,85,85.0,0.019510936192812176,-0.0001710874489896526,0.8692574102303827,-0.49276633354958116,0.6234633404855234,0,-0.0008385949200889143,0.0004638867583511495,False
BRENT,1,CTS_time,85,85.0,0.019520422191064018,-0.00016160145073781522,0.8210611554931644,-0.4414901965734646,0.6599925515479457,0,-0.000899627815235678,0.0005744412431015492,False
BRENT,1,VECM_macro,85,85.0,0.019528715409578044,-0.00015330823222378567,0.7789251502481946,-0.30454516913038526,0.7614658179623288,0,-0.001154790340998181,0.0008658202780570466,False
BRENT,1,AR_macro,85,85.0,0.019555107517648045,-0.00012691612415378472,0.6448326984235364,-0.419488334337855,0.6759301792082546,0,-0.0007218407443060952,0.0004435244412987511,False
BRENT,1,AR_macro_nc,85,85.0,0.019580649614767826,-0.00010137402703400505,0.515058963849145,-0.3679544511424729,0.7138327707536405,0,-0.0006109020899088744,0.00040765156917361013,False
BRENT,1,VECM_time,85,85.0,0.01958827057006842,-9.37530717334055e-05,0.47633857899801824,-0.1874941217227375,0.8517253871182406,0,-0.0010761498534383601,0.0009265943290897058,False
BRENT,1,AR_equal,85,85.0,0.019596202765139153,-8.582087666267771e-05,0.43603685385484897,-0.38940387085031136,0.697962890799805,0,-0.000508343921676824,0.0003605153270830777,False
BRENT,1,AR_time,85,85.0,0.019614919628064706,-6.710401373712288e-05,0.3409406215456852,-0.23868888481446504,0.8119281914466776,0,-0.0006064355774724739,0.0004630246085204616,False
BRENT,1,VECM_equal,85,85.0,0.01963516500825981,-4.68586335420181e-05,0.2380783317549909,-0.0945464090168912,0.9249002878917927,0,-0.0010148370386851922,0.0009713319940076922,False
BRENT,1,RW_equal,85,85.0,0.019682023641801834,0.0,0.0,,,0,0.0,0.0,False
BRENT,4,RW_equal,85,85.0,0.03737296329983993,0.0,0.0,,,0,0.0,0.0,False
BRENT,4,FHS_equal,85,85.0,0.0373880219498509,1.5058650010965052e-05,-0.04029289807755626,0.01722992814907494,0.986294045941734,0,-0.0018195898320495086,0.0016931269146363004,False
BRENT,4,FHS_macro,85,85.0,0.03758919309888586,0.00021622979904591685,-0.57857279689366,0.21166947590085883,0.8328776316443962,0,-0.0019090731180129031,0.002212706827663025,False
BRENT,4,FHS_time,85,85.0,0.03766057258265012,0.0002876092828101813,-0.769565101120622,0.29319969400336576,0.7700926431495387,0,-0.0017549160056104067,0.0022129297831621157,False
BRENT,4,VECM_macro,85,85.0,0.03766616486616667,0.0002932015663267405,-0.7845285480158625,0.23651939621335066,0.8136054648440862,0,-0.002235326072376494,0.0029112125000218137,False
BRENT,4,CTSF_macro,85,85.0,0.03768284310137468,0.00030987980153473907,-0.8291550205655609,0.2861192222186693,0.7754912536522562,0,-0.0019716369435754896,0.002552304231728101,False
BRENT,4,CTSF_equal,85,85.0,0.03769353608449419,0.0003205727846542609,-0.8577665679928286,0.3244881705272839,0.7463751576308875,0,-0.0017614508301138944,0.002397681225118099,False
BRENT,4,VARL_equal,85,85.0,0.03775933221938128,0.00038636891954135067,-1.0338193320169469,0.30809083733567144,0.7587758983666029,0,-0.002185441783264873,0.002951012049734842,False
BRENT,4,VECM_equal,85,85.0,0.037786083347096135,0.000413120047256204,-1.1053981562601198,0.3495463097688802,0.7275540248861703,0,-0.0019186854549113558,0.0029126390586772704,False
BRENT,4,CTSF_time,85,85.0,0.03787896773623554,0.0005060044363956011,-1.3539318044865116,0.4810648583643301,0.6317211340930404,0,-0.0016678218766071947,0.002718267316125248,False
BRENT,4,VECM_time,85,85.0,0.03791799515023803,0.0005450318503981008,-1.4583586696761477,0.4465254966779425,0.6563667451545983,0,-0.0018616918433205724,0.003097905545060465,False
BRENT,4,AR_macro,85,85.0,0.03792592498337922,0.0005529616835392799,-1.4795767707872756,0.5861003645501122,0.5593796801971476,0,-0.0014429098057140973,0.002414314295749757,False
BRENT,4,AR_equal,85,85.0,0.037934342621511186,0.0005613793216712495,-1.5021001068803588,0.6785807054596954,0.49926883494318597,0,-0.0011865290316415594,0.00214821547132775,False
BRENT,4,CTS_equal,85,85.0,0.03794438866034421,0.000571425360504291,-1.5289806053637898,0.5106974802659219,0.6109024713467743,0,-0.0017997929222708477,0.0029372909312569326,False
BRENT,4,CTS_macro,85,85.0,0.03795149772145315,0.0005785344216132167,-1.5480025412266225,0.4779559569438411,0.6339230477368991,0,-0.0019396503188852648,0.0031118420108160153,False
BRENT,4,VARL_time,85,85.0,0.03805860993897044,0.0006856466391305108,-1.8346060322528588,0.5390253190814467,0.5912951709491547,0,-0.0018480026334666757,0.0033093337234922074,False
BRENT,4,AR_macro_nc,85,85.0,0.038069756575645215,0.0006967932758052759,-1.8644314346041349,0.8707598224807901,0.38636704848904824,0,-0.0010022063464079148,0.002428611167313652,False
BRENT,4,AR_time,85,85.0,0.03813347497370034,0.0007605116738604214,-2.034924733580512,0.8353645148625147,0.4058822765762411,0,-0.0011180126454310095,0.002528654044357646,False
BRENT,4,CTS_time,85,85.0,0.038142325816989966,0.0007693625171500364,-2.0586072101842907,0.6539765717219043,0.5149133221896967,0,-0.0016970908098284966,0.003220325421827177,False
BRENT,12,VECM_macro,85,28.3,0.060394534371802984,-0.0012094038376159436,1.9631924074474643,-0.5516368522107824,0.5826617383004109,2,-0.005430407108653143,0.0030127390324960843,False
BRENT,12,VECM_equal,85,28.3,0.06054747871972756,-0.0010564594896913736,1.7149220007655928,-0.4916540279899096,0.6242462535163575,2,-0.0050110153700102435,0.0029577341286831644,False
BRENT,12,VECM_time,85,28.3,0.06068666357386493,-0.0009172746355539666,1.4889870067004052,-0.42801576407421565,0.6697350507188595,2,-0.004998692527244209,0.0031682252532728465,False
BRENT,12,VARL_equal,85,28.3,0.060854167517124275,-0.0007497706922946212,1.21708240428696,-0.26293843062804567,0.7932418851741778,2,-0.005811911746146495,0.004841261317461716,False
BRENT,12,VARL_time,85,28.3,0.06096017578421591,-0.000643762425202997,1.04500206304113,-0.2330603514082956,0.8162815163991648,2,-0.00565216823505152,0.004607349567312833,False
BRENT,12,CTSF_equal,85,28.3,0.06118951279311815,-0.00041442541630077896,0.6727255242870351,-0.11008157469539205,0.9126072556936737,2,-0.007479594191326938,0.0069506495840995376,False
BRENT,12,CTSF_macro,85,28.3,0.06120309700328713,-0.0004008412061317841,0.6506746448078617,-0.10997357031688296,0.9126926500183485,2,-0.0074494725216357645,0.006664156289089849,False
BRENT,12,CTSF_time,85,28.3,0.06125383114875334,-0.00035010706066559337,0.5683192841915687,-0.0962588881930321,0.9235442464157975,2,-0.007169686937047889,0.006687924862739013,False
BRENT,12,RW_equal,85,28.3,0.061603938209418924,0.0,0.0,,,2,0.0,0.0,False
BRENT,12,CTS_equal,85,28.3,0.06181043793697112,0.0002064997275522109,-0.33520540009993255,0.05000869376653692,0.9602341821965124,2,-0.007644772914867833,0.008262780866815402,False
BRENT,12,CTS_macro,85,28.3,0.06182720696317484,0.00022326875375593274,-0.3624261049625247,0.05566331052621243,0.9557422133341462,2,-0.007483912091629984,0.008073787860362364,False
BRENT,12,FHS_equal,85,28.3,0.06182943771942187,0.00022549951000295956,-0.36604723100067804,0.06689415891816468,0.9468249268725724,2,-0.006362520349968798,0.0068133086344212435,False
BRENT,12,CTS_time,85,28.3,0.0618789727622614,0.0002750345528424839,-0.44645612088550246,0.06869241113167229,0.9453977156669169,2,-0.007231157616036345,0.008023859530010407,False
BRENT,12,FHS_macro,85,28.3,0.062198922049634876,0.0005949838402159652,-0.9658211106461092,0.1679089530113135,0.8670585132008797,2,-0.006235480783339803,0.007368091802964423,False
BRENT,12,FHS_time,85,28.3,0.06225197358022786,0.0006480353708089368,-1.05193821960859,0.1800021354268766,0.8575844224566169,2,-0.006409836110955919,0.007387208534880806,False
BRENT,12,AR_macro,85,28.3,0.06264440526537238,0.001040467055953475,-1.6889619173638666,0.29594960637218237,0.7679989693572149,2,-0.005884356344782843,0.007664395194719397,False
BRENT,12,AR_equal,85,28.3,0.06264579609075137,0.001041857881332482,-1.6912196064328076,0.3041609900380473,0.7617574521985815,2,-0.0056503040864371015,0.007599906525523497,False
BRENT,12,AR_time,85,28.3,0.06278300949424195,0.001179071284823042,-1.913954398199101,0.33181059904081694,0.7408587576211181,2,-0.005726617768398116,0.007860997726213582,False
BRENT,12,AR_macro_nc,85,28.3,0.06391386806647403,0.002309929857055122,-3.7496464092971467,0.6897226037798876,0.4922697320886813,2,-0.0038954622138990132,0.008959672901589314,False
BRENT,20,VECM_equal,85,17.0,0.07526292450486004,-0.0018846227619078164,2.4428809841368118,-0.5725133046344018,0.5685034931399302,4,-0.007942648251883327,0.004148275709701816,False
BRENT,20,VECM_time,85,17.0,0.07539745495105551,-0.0017500923157123557,2.2685002669763743,-0.53705636079399,0.592648438015299,4,-0.007927384107359974,0.0040493012220690775,False
BRENT,20,VECM_macro,85,17.0,0.07546850067039591,-0.001679046596371959,2.1764095630493525,-0.5151666153624986,0.6077896822537447,4,-0.007895660896213918,0.004116705995295931,False
BRENT,20,VARL_time,85,17.0,0.07586013939041823,-0.0012874078763496324,1.66876060479009,-0.260911630572596,0.794799248215571,4,-0.010065810648107977,0.008251334024617992,False
BRENT,20,VARL_equal,85,17.0,0.07598046124734992,-0.0011670860194179656,1.5127973095272802,-0.22696293764588837,0.8210040082230006,4,-0.010061359337841816,0.00890147200860504,False
BRENT,20,RW_equal,85,17.0,0.07714754726676787,0.0,0.0,,,4,0.0,0.0,False
BRENT,20,CTSF_time,85,17.0,0.07828432769583914,0.0011367804290712664,-1.4735146733056916,0.13750698968217467,0.890959139558108,4,-0.014368020819074217,0.016548916890517892,False
BRENT,20,CTSF_macro,85,17.0,0.07838616184798732,0.0012386145812194433,-1.6055138822968038,0.14833693277499127,0.882432384962436,4,-0.014384914351670068,0.016763675509486008,False
BRENT,20,CTSF_equal,85,17.0,0.0783975262860994,0.0012499790193315175,-1.6202446657302565,0.14483763111598044,0.8851860286611735,4,-0.014522029689523389,0.017421574006535243,False
BRENT,20,CTS_time,85,17.0,0.07924477695819555,0.0020972296914276863,-2.718465804461277,0.23665802152532137,0.8134982648315421,4,-0.014650155770115688,0.01841541181126312,False
BRENT,20,CTS_macro,85,17.0,0.07933535162404688,0.0021878043572790148,-2.83587027039735,0.24439209197197914,0.8075231397952072,4,-0.014613998099330226,0.01879952858307133,False
BRENT,20,CTS_equal,85,17.0,0.07935449938714739,0.002206952120379519,-2.860689935803302,0.2388436713537707,0.8118085564632067,4,-0.014789498505623491,0.019448402976835,False
BRENT,20,FHS_equal,85,17.0,0.0794608346882018,0.00231328742143392,-2.998523612727219,0.28480174246050677,0.776497014375209,4,-0.013025762466277423,0.0166909695492357,False
BRENT,20,AR_equal,85,17.0,0.07987364956714109,0.002726102300373225,-3.533621478524332,0.3331133325196089,0.7398787446228807,4,-0.01286171383894588,0.01735289675879647,False
BRENT,20,FHS_time,85,17.0,0.07989222110750738,0.0027446738407395093,-3.5576942339446305,0.33289021051036144,0.7400465631371951,4,-0.012741291491434405,0.017390680372523438,False
BRENT,20,AR_macro_nc,85,17.0,0.07991513350381987,0.0027675862370520124,-3.5873936827595982,0.36529070598943597,0.7158126058904142,4,-0.01033314125348815,0.016934343199695022,False
BRENT,20,FHS_macro,85,17.0,0.07992893261734772,0.002781385350579854,-3.6052803350469778,0.33351628764350166,0.739575698753608,4,-0.013137139393657704,0.017625908739862996,False
BRENT,20,AR_macro,85,17.0,0.08019015443502467,0.0030426071682567875,-3.943880623626042,0.3710720171161321,0.7115181217249433,4,-0.012662504277096266,0.017283992743377583,False
BRENT,20,AR_time,85,17.0,0.08019863690780141,0.003051089641033524,-3.9548757531891465,0.3764190574679228,0.7075544964810996,4,-0.012565129534898658,0.017248451307127557,False
SPREAD,1,CTSF_time,85,85.0,0.010620645954175162,-0.0007949436659164717,6.963667163694779,-2.224844739010487,0.028772543477011192,0,-0.0014073223884389801,-0.0001772078393552028,True
SPREAD,1,CTSF_macro,85,85.0,0.010633634286616293,-0.0007819553334753419,6.849890014433292,-2.1980222929291235,0.030698840350741774,0,-0.001373508138892133,-0.00017475048658151105,True
SPREAD,1,CTSF_equal,85,85.0,0.010640052492991917,-0.000775537127099717,6.793666844284218,-2.2114769423404663,0.029718917321043037,0,-0.0013510000590447662,-0.00018104492409180863,True
SPREAD,1,CTS_equal,85,85.0,0.010751048240036,-0.0006645413800556327,5.8213495944705995,-2.0045857439055275,0.04822850818032309,0,-0.0012345662784781235,-7.744372355787559e-05,True
SPREAD,1,CTS_time,85,85.0,0.010753911724759986,-0.0006616778953316455,5.796265610031061,-1.9236323673188456,0.057787842910901555,0,-0.001278544447722201,-2.544456041520881e-05,False
SPREAD,1,CTS_macro,85,85.0,0.010769141800277176,-0.0006464478198144569,5.662850902389642,-1.8982004477212362,0.061103978414526416,0,-0.0012454594002662019,-3.320002865129345e-05,False
SPREAD,1,VARL_time,85,85.0,0.010831945141665314,-0.0005836444784263192,5.112696740596689,-1.4974641716990014,0.13802091846459574,0,-0.0012784333198939293,0.0001441511942038524,False
SPREAD,1,VARL_equal,85,85.0,0.010843225404836707,-0.0005723642152549253,5.013882193588623,-1.4723436209117648,0.1446651339266387,0,-0.0012533153147195621,0.00012833151646544244,False
SPREAD,1,VECM_time,85,85.0,0.010916920862007597,-0.0004986687580840345,4.3683136366988,-1.2416912504633513,0.21780645514150065,0,-0.001208788304215111,0.00025489398445045314,False
SPREAD,1,VECM_macro,85,85.0,0.01091705234036445,-0.0004985372797271828,4.367161892800952,-1.2428838439058856,0.21736882290065274,0,-0.001216854087878373,0.00025026918044482446,False
SPREAD,1,VECM_equal,85,85.0,0.010930869174971904,-0.0004847204451197279,4.246127105573349,-1.2210114482061516,0.2254978544676911,0,-0.001193091392780254,0.00023999761722320553,False
SPREAD,1,AR_equal,85,85.0,0.011323904399450007,-9.168522064162623e-05,0.8031579943996785,-1.3364766916120334,0.1850024152329277,0,-0.00023742439674087837,2.7158177238135314e-05,False
SPREAD,1,AR_macro,85,85.0,0.011336577378290887,-7.901224180074645e-05,0.6921433270663745,-1.0314430362003404,0.3052937736860639,0,-0.00023975018039765084,6.069227609716635e-05,False
SPREAD,1,AR_time,85,85.0,0.011367710678914783,-4.7878941176849806e-05,0.4194171547002855,-0.5902664436722961,0.5565966851032655,0,-0.0002143424704856988,0.00010654877462927412,False
SPREAD,1,RW_equal,85,85.0,0.011415589620091633,0.0,0.0,,,0,0.0,0.0,False
SPREAD,1,AR_macro_nc,85,85.0,0.011441084923048593,2.5495302956959713e-05,-0.22333759188476848,0.29656860893693904,0.767527922324734,0,-0.00015171772627424324,0.0001922881526728547,False
SPREAD,1,FHS_macro,85,85.0,0.011626957315624672,0.00021136769553304065,-1.851570550162638,1.7661270329737337,0.08100776758353234,0,-2.7377894735733998e-05,0.0004546181530573435,False
SPREAD,1,FHS_equal,85,85.0,0.011631419088686755,0.00021582946859512094,-1.890655461328587,1.794173302695913,0.07638344137673592,0,-2.0491251524474447e-05,0.0004605311178225538,False
SPREAD,1,FHS_time,85,85.0,0.01167248698209411,0.00025689736200247695,-2.2504081747151594,2.0275913691340484,0.04577199956107636,0,1.4738507242430545e-05,0.0005221116093641172,True
SPREAD,4,CTS_time,85,85.0,0.016250793690470205,-0.002222916437538282,12.032864119525518,-2.807914790834954,0.0061986961878310876,0,-0.0035152675303289347,-0.0008764120595995568,True
SPREAD,4,CTS_equal,85,85.0,0.01625523690338994,-0.0022184732246185493,12.008812573361018,-2.8692502623900396,0.005203017119000064,0,-0.003482555189225742,-0.0009165695259220208,True
SPREAD,4,CTS_macro,85,85.0,0.01626489412681535,-0.002208816001193142,11.956537078300782,-2.8004671343486587,0.006330816156366215,0,-0.0035253580049108965,-0.0008634017537466721,True
SPREAD,4,CTSF_macro,85,85.0,0.016366628989249846,-0.0021070811387586433,11.405836316355538,-2.667308099262553,0.009172178384522667,0,-0.003489011006438168,-0.0007717156119145649,True
SPREAD,4,CTSF_time,85,85.0,0.01636746762324628,-0.0021062425047622068,11.401296708498625,-2.6588259598173503,0.009387523253873153,0,-0.0034821244886006067,-0.0008015204052655894,True
SPREAD,4,CTSF_equal,85,85.0,0.01639825082574147,-0.0020754593022670196,11.234664222214676,-2.6736487927079753,0.009014142778036138,0,-0.0034265484638785425,-0.0007699367281967968,True
SPREAD,4,VARL_equal,85,85.0,0.016738840677689753,-0.0017348694503187333,9.391018037510802,-1.8685563820519948,0.06517043323427774,0,-0.00329132262758872,-0.0001070172312390977,False
SPREAD,4,VECM_equal,85,85.0,0.016821131784693726,-0.0016525783433147616,8.945568225676798,-1.7922233025720586,0.07669771510639967,0,-0.003185910871133263,-4.240739300488368e-05,False
SPREAD,4,VARL_time,85,85.0,0.016827559810877593,-0.0016461503171308937,8.910772691161393,-1.7438813476409,0.08483813002672913,0,-0.0032498571805097023,3.367099013496027e-05,False
SPREAD,4,VECM_time,85,85.0,0.016837548904791343,-0.0016361612232171435,8.85670074868458,-1.7441888240628625,0.08478418829817524,0,-0.0032306714474431082,1.6893831923268652e-05,False
SPREAD,4,VECM_macro,85,85.0,0.016868584992925692,-0.0016051251350827954,8.688699367698883,-1.7166035623330211,0.08973718903438299,0,-0.0032028791304817466,5.9524416402136304e-05,False
SPREAD,4,RW_equal,85,85.0,0.01847371012800849,0.0,0.0,,,0,0.0,0.0,False
SPREAD,4,AR_macro,85,85.0,0.018537439190247706,6.372906223921863e-05,-0.3449716478044894,0.5591902516909687,0.5775197687407227,0,-0.0001362568018290335,0.0002652269344549655,False
SPREAD,4,AR_time,85,85.0,0.01854484403046738,7.113390245889297e-05,-0.3850547722465443,0.7040803640263723,0.4833300530127831,0,-0.0001141187407623433,0.0002778804573541227,False
SPREAD,4,AR_equal,85,85.0,0.0185839612649653,0.00011025113695680821,-0.5968001889866966,1.1971115380894346,0.23463058327207564,0,-4.6443732926453126e-05,0.00028811025511216794,False
SPREAD,4,AR_macro_nc,85,85.0,0.018959673155135928,0.0004859630271274412,-2.6305654021855442,2.853282122292139,0.005447005897840196,0,0.00018986575509293514,0.0007963013555145717,True
SPREAD,4,FHS_macro,85,85.0,0.019004126500576833,0.000530416372568345,-2.8711957094323166,2.4613184298823207,0.015889269251904148,0,0.00011523648123625964,0.00100816884649933,True
SPREAD,4,FHS_time,85,85.0,0.019051233408052006,0.000577523280043515,-3.12619000753897,2.6084213594604,0.010764610254600182,0,0.00014298406934616824,0.0010923289701548259,True
SPREAD,4,FHS_equal,85,85.0,0.019065764662736507,0.0005920545347280188,-3.204849110576803,2.6765119562658843,0.008943595624775202,0,0.0001537933906128656,0.0011056716599618659,True
SPREAD,12,CTS_time,85,28.3,0.01975885282280884,-0.007725821427847552,28.109561559249833,-5.030193952337485,2.7417401577967127e-06,2,-0.010585548122656198,-0.00473438295543921,True
SPREAD,12,CTS_equal,85,28.3,0.019840546380348233,-0.007644127870308158,27.81232842927216,-4.954392422946032,3.7103450851727615e-06,2,-0.010559754134344169,-0.004583401586133719,True
SPREAD,12,CTS_macro,85,28.3,0.019842076300996343,-0.007642597949660044,27.806761979278402,-4.954783890497551,3.7045735019614057e-06,2,-0.010518836919279455,-0.004636344378546679,True
SPREAD,12,CTSF_time,85,28.3,0.020423379966484863,-0.007061294284171527,25.69175177327373,-5.0612837682187815,2.4202795234629093e-06,2,-0.009685671669011223,-0.0043703223421963176,True
SPREAD,12,CTSF_macro,85,28.3,0.02050335076748515,-0.006981323483171241,25.400786705720215,-4.9682665814007585,3.5110513207925464e-06,2,-0.009603238175419132,-0.0042512819784137545,True
SPREAD,12,CTSF_equal,85,28.3,0.020521953690174108,-0.006962720560482282,25.33310199343546,-4.906585167909434,4.485246189567249e-06,2,-0.009650542473892345,-0.004213607029129864,True
SPREAD,12,VARL_equal,85,28.3,0.020569438040380257,-0.006915236210276128,25.16033534620108,-3.802366104920989,0.0002708137466183036,2,-0.010280429904701774,-0.003290997209108871,True
SPREAD,12,VECM_equal,85,28.3,0.020578668098420818,-0.006906006152235576,25.126752783219313,-3.813004556048287,0.00026107139421527314,2,-0.010267707015557908,-0.0032404062565066787,True
SPREAD,12,VECM_time,85,28.3,0.02059654459882896,-0.0068881296518274295,25.061711079449744,-3.7425273124744685,0.00033240510687759794,2,-0.010334566969576882,-0.0031820197780115184,True
SPREAD,12,VARL_time,85,28.3,0.020596868906787642,-0.0068878053438687446,25.060531120190543,-3.7187937135208915,0.0003603534526603891,2,-0.010321646346304163,-0.003174594483203282,True
SPREAD,12,VECM_macro,85,28.3,0.020716017469879486,-0.006768656780776902,24.627022023429106,-3.6539167310501863,0.0004486141426960355,2,-0.010194473730513853,-0.0030250424579946903,True
SPREAD,12,RW_equal,85,28.3,0.02748467425065638,0.0,0.0,,,2,0.0,0.0,False
SPREAD,12,AR_time,85,28.3,0.027978578811886406,0.0004939045612300206,-1.7970180644154035,2.823073430313437,0.005937558355295192,2,0.00017056522272396464,0.0008263294089105784,True
SPREAD,12,AR_equal,85,28.3,0.02815643931767957,0.000671765067023185,-2.4441441833975674,4.926682721263322,4.141953324543479e-06,2,0.0004142288010950365,0.000933536450115858,True
SPREAD,12,AR_macro,85,28.3,0.028181296261132114,0.0006966220104757237,-2.5345834704920898,4.32606738618813,4.1595175328312806e-05,2,0.0003763574634503418,0.0010118135602308412,True
SPREAD,12,FHS_time,85,28.3,0.02888003734051911,0.001395363089862722,-5.076876942899932,3.6490490517975154,0.00045600553970492896,2,0.0006902862480639354,0.0021713431486003365,True
SPREAD,12,FHS_macro,85,28.3,0.029049284899771915,0.001564610649115522,-5.692665792021048,4.292877143803737,4.702926800392859e-05,2,0.0009138563841000775,0.0022982372403485564,True
SPREAD,12,FHS_equal,85,28.3,0.02909828521625294,0.001613610965596551,-5.87094811777885,4.819823931337853,6.313609705710377e-06,2,0.001016848880857919,0.0022683166338891177,True
SPREAD,12,AR_macro_nc,85,28.3,0.029791093927116,0.0023064196764596106,-8.39165731209107,5.346251885396845,7.592607262907336e-07,2,0.0015154773411660963,0.0031164844577652945,True
SPREAD,20,CTS_equal,85,17.0,0.020220439282628743,-0.012221120724083176,37.67118696374253,-6.389453093636507,8.838897169738402e-09,4,-0.01610629078672614,-0.008401353952588453,True
SPREAD,20,CTS_macro,85,17.0,0.02034322403164743,-0.012098335975064486,37.29270717117619,-6.360864629457549,1.002234806257718e-08,4,-0.015939562961203694,-0.008330353606803929,True
SPREAD,20,CTS_time,85,17.0,0.020348142363279653,-0.012093417643432264,37.277546582008455,-6.388268321410889,8.885075342135451e-09,4,-0.015925988831369652,-0.00828659203291246,True
SPREAD,20,VECM_equal,85,17.0,0.020907910437292728,-0.011533649569419185,35.55208062446121,-5.262303528580034,1.0714950420265268e-06,4,-0.015882579155651808,-0.007101727702791278,True
SPREAD,20,VECM_time,85,17.0,0.020964124509448727,-0.011477435497263192,35.3788026682089,-5.214335308045307,1.3031672128072103e-06,4,-0.01586944157567372,-0.007021142618655763,True
SPREAD,20,VECM_macro,85,17.0,0.020976833515720134,-0.011464726490991782,35.33962759071947,-5.221722595204283,1.2645353271167892e-06,4,-0.015827704426171436,-0.007015811266043439,True
SPREAD,20,VARL_equal,85,17.0,0.020997707835781122,-0.011443852170930791,35.27528321253091,-5.22301198642317,1.2579083408237324e-06,4,-0.015811764879870904,-0.0070354408665642895,True
SPREAD,20,VARL_time,85,17.0,0.021025808976903416,-0.011415751029808501,35.18866240540425,-5.181729367437077,1.4879389360622497e-06,4,-0.015875914413495205,-0.0069934071127767785,True
SPREAD,20,CTSF_equal,85,17.0,0.021078077550749977,-0.01136348245596194,35.02754631284968,-6.179910771846812,2.211040972532885e-08,4,-0.014766612097291338,-0.007590708082746375,True
SPREAD,20,CTSF_macro,85,17.0,0.021160802692874833,-0.011280757313837085,34.772548889459,-6.1743591034466085,2.2651065911816204e-08,4,-0.014658974690352253,-0.007607682709583325,True
SPREAD,20,CTSF_time,85,17.0,0.02116845149285749,-0.011273108513854423,34.74897172491737,-6.222678120714649,1.835140239769828e-08,4,-0.014588994641853351,-0.00759844198856706,True
SPREAD,20,RW_equal,85,17.0,0.03244156000671191,0.0,0.0,,,4,0.0,0.0,False
SPREAD,20,AR_macro,85,17.0,0.03298692867004569,0.0005453686633337672,-1.6810802662416622,2.355209000109108,0.02084344539594496,4,0.00012674104644733527,0.0009777875994108824,True
SPREAD,20,AR_equal,85,17.0,0.033042104580170324,0.0006005445734584036,-1.8511581235124517,2.767098702816298,0.006955017311983669,4,0.0001991654138878276,0.000997878799810585,True
SPREAD,20,AR_time,85,17.0,0.033071485428292295,0.0006299254215803865,-1.941723583730432,3.3525988131702724,0.0012021918027778078,4,0.00026838602527159565,0.000979448244221619,True
SPREAD,20,FHS_macro,85,17.0,0.034394716521801476,0.0019531565150895584,-6.020538206810871,3.5265848737395853,0.0006848436934281388,4,0.0009416174878420599,0.0030544283866175133,True
SPREAD,20,FHS_equal,85,17.0,0.03441688128306872,0.0019753212763568054,-6.0888603259156735,4.127148051003351,8.613516867961302e-05,4,0.0011608362592820897,0.0029300963898825183,True
SPREAD,20,FHS_time,85,17.0,0.03454778753314955,0.0021062275264376357,-6.492374367946167,3.765961744212846,0.00030684277029657814,4,0.0011045796972059378,0.0032533715275140144,True
SPREAD,20,AR_macro_nc,85,17.0,0.03588739094316727,0.003445830936455352,-10.62165609712494,4.134290081137938,8.394129896882596e-05,4,0.0019524578891516359,0.005316362441760571,True
WTI,1,FHS_equal,85,85.0,0.019045926981196497,-0.0005348438966784544,2.7314751804934847,-1.5809131097716536,0.11765623070456988,0,-0.0012288581264798622,0.00011685716407332719,False
WTI,1,FHS_macro,85,85.0,0.01919364671840081,-0.00038712415947413445,1.9770629148802517,-0.9801989836720979,0.32980261560170754,0,-0.0012021892820457277,0.00035573585918368295,False
WTI,1,FHS_time,85,85.0,0.01922522049904203,-0.00035555037883291816,1.8158139996146212,-0.9576411156473222,0.3409919290834975,0,-0.001114498659848643,0.0003399195665765457,False
WTI,1,CTSF_equal,85,85.0,0.019310051931195768,-0.00027071894667918137,1.382575529674752,-0.8340031679591963,0.4066446378594357,0,-0.0008284821475814521,0.0003046897962929409,False
WTI,1,CTS_equal,85,85.0,0.01932356122445002,-0.0002572096534249262,1.3135828769415687,-0.9261313878207182,0.35703092927494295,0,-0.0007365274815985147,0.0002291657554960438,False
WTI,1,VARL_equal,85,85.0,0.019399678374073828,-0.0001810925038011238,0.9248486943164372,-1.462298529122031,0.14739081067973858,0,-0.00041811584201406204,2.6509428690453744e-05,False
WTI,1,AR_equal,85,85.0,0.019412699239624638,-0.00016807163825031008,0.8583504668869781,-0.732870134877574,0.4656778670416353,0,-0.0006516114445460923,0.0003130888686711539,False
WTI,1,CTSF_time,85,85.0,0.019452529897744836,-0.00012824098013011008,0.6549332553347786,-0.3732491528878854,0.7099033008518565,0,-0.0007345143299122529,0.00047753931413384586,False
WTI,1,CTS_time,85,85.0,0.019455100167476848,-0.0001256707103980987,0.6418067561379792,-0.4237943934731788,0.6727990267582875,0,-0.0006450553865765484,0.0004030749088555406,False
WTI,1,CTSF_macro,85,85.0,0.01947102688945574,-0.00010974398841920314,0.5604681710627155,-0.2946437581775166,0.7689929764065213,0,-0.0007552398227215612,0.0005701715163634886,False
WTI,1,CTS_macro,85,85.0,0.0194722062627303,-0.00010856461514464571,0.5544450513300107,-0.3343861868580413,0.7389216239405036,0,-0.0006698380288727218,0.00047391979269004446,False
WTI,1,VARL_time,85,85.0,0.01948657193014052,-9.419894773442457e-05,0.48107885191008903,-0.5780342977436991,0.56478737891834,0,-0.0004280579315540488,0.00021810259662025433,False
WTI,1,VECM_equal,85,85.0,0.019520669642808068,-6.010123506688061e-05,0.30694008648448934,-0.4837096291810108,0.6298505594858734,0,-0.0002947142312837411,0.00016868525040609832,False
WTI,1,AR_macro,85,85.0,0.019523035987347278,-5.7734890527671e-05,0.29485504369445464,-0.19915993960236758,0.842618926736034,0,-0.0006581052326139058,0.0005573635640916639,False
WTI,1,AR_macro_nc,85,85.0,0.019554428479822493,-2.634239805245345e-05,0.13453197638004893,-0.1035365557796718,0.9177839331354614,0,-0.000583300305922661,0.0004918534084916889,False
WTI,1,VECM_macro,85,85.0,0.01955503263342287,-2.573824445207899e-05,0.1314465329920187,-0.15857713826355596,0.8743826685098455,0,-0.0003434803972990466,0.0002934201715295373,False
WTI,1,AR_time,85,85.0,0.019576225826646976,-4.545051227970945e-06,0.023211809465106602,-0.01703119070857671,0.9864521207846229,0,-0.0005373054791372833,0.0005504613926294254,False
WTI,1,RW_equal,85,85.0,0.019580770877874947,0.0,0.0,,,0,0.0,0.0,False
WTI,1,VECM_time,85,85.0,0.01960113417995951,2.0363302084560286e-05,-0.10399642696177211,0.13353795967840168,0.8940873532330516,0,-0.0002875586353259599,0.0003133478483683209,False
WTI,4,FHS_macro,85,85.0,0.036695467454923414,-0.0006782245735584057,1.8147111958902653,-0.6272052747424969,0.5322258433127005,0,-0.002899223638991363,0.001538347080652032,False
WTI,4,FHS_time,85,85.0,0.03670167370100863,-0.0006720183274731953,1.7981052740549628,-0.658622479082499,0.5119395026791493,0,-0.0027609990314999993,0.0014129191452537959,False
WTI,4,FHS_equal,85,85.0,0.03681473802831782,-0.000558954000163998,1.4955814366373874,-0.5889702989309609,0.5574617899971872,0,-0.002519777406586602,0.0013126065204076363,False
WTI,4,VECM_macro,85,85.0,0.03690343631346979,-0.00047025571501202267,1.2582533046337998,-1.158856237543098,0.24979865888845132,0,-0.0014253132011116238,0.0003316361914598046,False
WTI,4,VECM_time,85,85.0,0.037104973185956215,-0.0002687188425256056,0.7190053429048973,-0.673891119904549,0.5022307447380296,0,-0.001139649353347537,0.0005200696679913738,False
WTI,4,VARL_equal,85,85.0,0.03711771620195197,-0.00025597582652984476,0.6849091236016379,-0.6395419027358398,0.5242108359137256,0,-0.0010423651287813117,0.0005960276387833655,False
WTI,4,VARL_time,85,85.0,0.03713917751125623,-0.00023451451722559554,0.6274855506565274,-0.5649706621064814,0.5735995073322675,0,-0.0011076038088828227,0.0006110223169547936,False
WTI,4,VECM_equal,85,85.0,0.0371684501915383,-0.00020524183694351438,0.5491612570337234,-0.6507258670525912,0.5169994997787881,0,-0.0008326934473450413,0.0003548785936790425,False
WTI,4,CTS_macro,85,85.0,0.037183661962731505,-0.00019003006575031868,0.5084594414849278,-0.2116932803855673,0.8328591192339014,0,-0.0018720125426467688,0.0013972053696313831,False
WTI,4,CTS_time,85,85.0,0.037338473702997824,-3.52183254840039e-05,0.0942329311676197,-0.04090689792937726,0.9674671923225824,0,-0.0016698716562912757,0.001460097050958887,False
WTI,4,RW_equal,85,85.0,0.03737369202848182,0.0,0.0,,,0,0.0,0.0,False
WTI,4,CTS_equal,85,85.0,0.037392283191638155,1.8591163156334677e-05,-0.04974398339389652,0.02206283817122952,0.9824501553414835,0,-0.0015776571070456901,0.0015424076813436494,False
WTI,4,CTSF_macro,85,85.0,0.03744918431238173,7.549228389991873e-05,-0.20199311280880589,0.07190682951221332,0.9428469893076399,0,-0.0019396331573295477,0.0019655851894033252,False
WTI,4,CTSF_time,85,85.0,0.037595971436662726,0.00022227940818090686,-0.5947483272766025,0.22029151134551847,0.8261786479130631,0,-0.0017344779391620113,0.0020001447242848506,False
WTI,4,CTSF_equal,85,85.0,0.03765036937205176,0.0002766773435699361,-0.7402997364003762,0.2778258555446382,0.7818287093136704,0,-0.0016424665189595786,0.002061186203305629,False
WTI,4,AR_macro,85,85.0,0.03777837760927114,0.00040468558078932566,-1.0828086785777482,0.43995308759631424,0.6611010155900918,0,-0.0015275395100124466,0.002211813860064837,False
WTI,4,AR_equal,85,85.0,0.037918119227641094,0.0005444271991592732,-1.4567123813841414,0.6595990250276689,0.5113155831751268,0,-0.0011096365731158308,0.0021757414058070305,False
WTI,4,AR_time,85,85.0,0.03796209943408342,0.0005884074056015982,-1.5743892927495236,0.6730126292299021,0.5027866437915849,0,-0.0011941215574394403,0.002295612733635543,False
WTI,4,AR_macro_nc,85,85.0,0.037999063895913156,0.0006253718674313359,-1.6732943241324671,0.7659686912938807,0.4458420191678192,0,-0.0010709893939603685,0.0023585950179709925,False
WTI,12,VECM_macro,85,28.3,0.06319717282698112,-8.481553250270077e-06,0.013418978623704494,-0.010280012309860446,0.991822257275403,2,-0.001578082682539209,0.0016073401429291723,False
WTI,12,RW_equal,85,28.3,0.06320565438023137,0.0,0.0,,,2,0.0,0.0,False
WTI,12,VECM_equal,85,28.3,0.06324703467887935,4.1380298647956456e-05,-0.06546929867862798,0.060419000864421334,0.9519654437457041,2,-0.0012486344659171018,0.001390378165616928,False
WTI,12,VECM_time,85,28.3,0.06337695798682352,0.00017130360659212973,-0.27102576228643116,0.22690722150170384,0.8210471915360182,2,-0.0012966049640108146,0.0016337632093516806,False
WTI,12,VARL_equal,85,28.3,0.06339646584094259,0.00019081146071119333,-0.30188985871950363,0.1309918373298664,0.8960949805829994,2,-0.002160703886606251,0.003303251065672868,False
WTI,12,VARL_time,85,28.3,0.06353897139226865,0.00033331701203726243,-0.5273531542480542,0.24961580145060186,0.8034938835786187,2,-0.0020457353165041184,0.003000959922464995,False
WTI,12,FHS_macro,85,28.3,0.06362954578343477,0.00042389140320338916,-0.6706542434532187,0.11760525810282377,0.90666119337634,2,-0.006463401570980384,0.007179616528346616,False
WTI,12,FHS_time,85,28.3,0.06363200688644197,0.000426352506210597,-0.6745480454102237,0.11699939296015266,0.9071398237729342,2,-0.006512132169889763,0.007185932499690441,False
WTI,12,FHS_equal,85,28.3,0.06382776737294327,0.0006221129927118821,-0.9842679406013225,0.17467812170573596,0.8617528958121854,2,-0.006137343612125749,0.007302401020123209,False
WTI,12,CTS_macro,85,28.3,0.06442481875436293,0.0012191643741315476,-1.9288849804438823,0.37755696024516616,0.7067120336973884,2,-0.00508866443242577,0.007118596954194078,False
WTI,12,CTS_time,85,28.3,0.06449828728432169,0.001292632904090309,-2.045122254907958,0.40317572970379617,0.6878433354634557,2,-0.005018577873584416,0.0071684633503701824,False
WTI,12,CTS_equal,85,28.3,0.06467065855701754,0.0014650041767861495,-2.3178372111662933,0.44107888906630094,0.6602890857403416,2,-0.004890415251329178,0.007779884274318531,False
WTI,12,AR_macro,85,28.3,0.06502278585993447,0.0018171314797030933,-2.87495082128512,0.5324959021630566,0.5957883846753291,2,-0.004707566704930993,0.008213464534789177,False
WTI,12,CTSF_macro,85,28.3,0.06512894722582684,0.001923292845595458,-3.042912638836635,0.5336142594584983,0.5950176639583042,2,-0.005115077359529404,0.008518536261469214,False
WTI,12,AR_equal,85,28.3,0.06513126267395537,0.0019256082937239845,-3.046575994831034,0.5604828184676355,0.5766420389439693,2,-0.00455790024796781,0.008441822771001204,False
WTI,12,CTSF_time,85,28.3,0.0652065253059726,0.0020008709257412225,-3.165651784418559,0.5584706313426739,0.5780087111292718,2,-0.004993474421005628,0.008535278859671617,False
WTI,12,AR_time,85,28.3,0.06528665444749403,0.002081000067262648,-3.292427058414446,0.603076916281656,0.5480824104820337,2,-0.004480905313395592,0.00852410104159116,False
WTI,12,CTSF_equal,85,28.3,0.06537754170149686,0.0021718873212654847,-3.4362231394676894,0.5859283635519311,0.5594947267055717,2,-0.004952226866407006,0.009195886979360282,False
WTI,12,AR_macro_nc,85,28.3,0.0657368076220033,0.0025311532417719197,-4.004631020106313,0.8232581149483206,0.4126923938234517,2,-0.003418482468552745,0.008420104283875152,False
WTI,20,RW_equal,85,17.0,0.07896981008241598,0.0,0.0,,,4,0.0,0.0,False
WTI,20,VECM_equal,85,17.0,0.07917914164637271,0.0002093315639567457,-0.26507796300670977,0.186171695275035,0.8527589824596866,4,-0.0020262463499352078,0.002254880306820644,False
WTI,20,VECM_time,85,17.0,0.07933254095015531,0.00036273086773934085,-0.45932852992905804,0.32702542939481205,0.744462181744769,4,-0.001734830943008504,0.0024524714897564107,False
WTI,20,VECM_macro,85,17.0,0.07935448522268862,0.00038467514027265586,-0.4871167093743542,0.30198431643965673,0.7634104364895102,4,-0.002142375903454699,0.0027914104268326185,False
WTI,20,VARL_equal,85,17.0,0.07991513743772705,0.0009453273553110758,-1.1970743684510416,0.3127079861197562,0.7552775546727131,4,-0.0036712970018532264,0.007225843518569367,False
WTI,20,VARL_time,85,17.0,0.07999202383818102,0.001022213755765072,-1.2944361328692822,0.38433751819246736,0.7016995606667926,4,-0.003320588157864825,0.0063895999559760415,False
WTI,20,FHS_time,85,17.0,0.0811446919899962,0.00217488190758023,-2.75406754215368,0.2617572930375421,0.7941493521385716,4,-0.014377659078978587,0.01769931527586554,False
WTI,20,FHS_macro,85,17.0,0.08133145669255053,0.0023616466101345542,-2.990568937255696,0.282771834877981,0.7780473870066169,4,-0.014448363041439616,0.017703442831999382,False
WTI,20,FHS_equal,85,17.0,0.08160459649405498,0.002634786411639027,-3.33644769930336,0.3129206939649627,0.7551165115644347,4,-0.013810723414385785,0.018151455058710866,False
WTI,20,AR_macro_nc,85,17.0,0.08188746970435057,0.0029176596219346145,-3.694651942165755,0.3947209097325154,0.694049329695603,4,-0.010486981387859353,0.01671225907579799,False
WTI,20,CTS_macro,85,17.0,0.08238277498570869,0.0034129649032927215,-4.321860340971829,0.44615663329203287,0.6566320772417513,4,-0.011697549578277712,0.01715938574374913,False
WTI,20,CTS_time,85,17.0,0.08239512949945912,0.00342531941704316,-4.337504944571031,0.4519893382133112,0.652441657655596,4,-0.011590144687966092,0.016931579228750018,False
WTI,20,CTS_equal,85,17.0,0.08248502633427546,0.0035152162518594836,-4.4513419092573,0.4416132858061616,0.6599038203193706,4,-0.011788069940648738,0.018196835834549435,False
WTI,20,AR_macro,85,17.0,0.08279713358645505,0.0038273235040390853,-4.846565415371677,0.47603582720576404,0.635284652437913,4,-0.012109937452157236,0.01824517503192034,False
WTI,20,AR_equal,85,17.0,0.08282188742435961,0.0038520773419436593,-4.877911366284732,0.463963220781377,0.6438742234651222,4,-0.012277532269313884,0.018858475249723478,False
WTI,20,AR_time,85,17.0,0.0829685682100741,0.0039987581276581426,-5.063654228729771,0.49907058165106305,0.6190342009417749,4,-0.01187271564882045,0.018551493611922695,False
WTI,20,CTSF_macro,85,17.0,0.08338558719878329,0.004415777116367337,-5.591728170244853,0.5339047838383679,0.5948175236877049,4,-0.011928209661520256,0.01922952327375216,False
WTI,20,CTSF_time,85,17.0,0.08339656252385934,0.004426752441443377,-5.605626297978213,0.540266599541237,0.5904427813170705,4,-0.011883625044607868,0.01901640861441135,False
WTI,20,CTSF_equal,85,17.0,0.08348468275780192,0.004514872675385963,-5.717213541065943,0.5254550937856244,0.6006511934490109,4,-0.011999095722757015,0.020353825877405276,False
