model,variable,horizon_weeks,alpha,n_used,n_total,expected_exceptions,underpowered,exceptions,exception_rate,kupiec_p,christoffersen_ind_p,christoffersen_cc_p,es_z2,es_z2_p,es_z2_lo,es_z2_hi
AR_equal,BRENT,1,0.01,85,85,0.85,True,1,0.011764705882352941,0.8736084421728973,0.8766384351074676,0.9756013946454645,-2.309102073903495,0.62,-8.927306221710484,1.0
AR_macro,BRENT,1,0.01,85,85,0.85,True,1,0.011764705882352941,0.8736084421728973,0.8766384351074676,0.9756013946454645,-8.405929563892425,0.62,-27.21778869167727,1.0
AR_macro_nc,BRENT,1,0.01,85,85,0.85,True,1,0.011764705882352941,0.8736084421728973,0.8766384351074676,0.9756013946454645,-8.361070046123901,0.62,-27.0832101383717,1.0
AR_time,BRENT,1,0.01,85,85,0.85,True,1,0.011764705882352941,0.8736084421728973,0.8766384351074676,0.9756013946454645,-8.730427406825202,0.62,-28.191282220475607,1.0
CTSF_equal,BRENT,1,0.01,85,85,0.85,True,1,0.011764705882352941,0.8736084421728973,0.8766384351074676,0.9756013946454645,-5.259280870414447,0.62,-17.77784261124334,1.0
CTSF_macro,BRENT,1,0.01,85,85,0.85,True,1,0.011764705882352941,0.8736084421728973,0.8766384351074676,0.9756013946454645,-14.254648942241182,0.62,-44.76394682672355,1.0
CTSF_time,BRENT,1,0.01,85,85,0.85,True,1,0.011764705882352941,0.8736084421728973,0.8766384351074676,0.9756013946454645,-28.98120595929262,0.62,-88.94361787787787,1.0
CTS_equal,BRENT,1,0.01,85,85,0.85,True,1,0.011764705882352941,0.8736084421728973,0.8766384351074676,0.9756013946454645,-5.305643652500679,0.62,-17.916930957502036,1.0
CTS_macro,BRENT,1,0.01,85,85,0.85,True,1,0.011764705882352941,0.8736084421728973,0.8766384351074676,0.9756013946454645,-14.208383790515521,0.62,-44.625151371546565,1.0
CTS_time,BRENT,1,0.01,85,85,0.85,True,1,0.011764705882352941,0.8736084421728973,0.8766384351074676,0.9756013946454645,-29.438700086936986,0.62,-90.31610026081097,1.0
FHS_equal,BRENT,1,0.01,85,85,0.85,True,1,0.011764705882352941,0.8736084421728973,0.8766384351074676,0.9756013946454645,-2.7206583374332722,0.62,-10.161975012299816,1.0
FHS_macro,BRENT,1,0.01,85,85,0.85,True,1,0.011764705882352941,0.8736084421728973,0.8766384351074676,0.9756013946454645,-11.678319884093831,0.62,-37.03495965228149,1.0
FHS_time,BRENT,1,0.01,85,85,0.85,True,1,0.011764705882352941,0.8736084421728973,0.8766384351074676,0.9756013946454645,-10.03585666787639,0.62,-32.10757000362917,1.0
RW_equal,BRENT,1,0.01,85,85,0.85,True,1,0.011764705882352941,0.8736084421728973,0.8766384351074676,0.9756013946454645,-5.722586300222332,0.62,-19.167758900666996,1.0
VARL_equal,BRENT,1,0.01,85,85,0.85,True,1,0.011764705882352941,0.8736084421728973,0.8766384351074676,0.9756013946454645,-15.237943154016685,0.62,-47.71382946205006,1.0
VARL_time,BRENT,1,0.01,85,85,0.85,True,1,0.011764705882352941,0.8736084421728973,0.8766384351074676,0.9756013946454645,-20.298489164886057,0.62,-62.89546749465818,1.0
VECM_equal,BRENT,1,0.01,85,85,0.85,True,1,0.011764705882352941,0.8736084421728973,0.8766384351074676,0.9756013946454645,-10.544904588347395,0.62,-33.634713765042186,1.0
VECM_macro,BRENT,1,0.01,85,85,0.85,True,1,0.011764705882352941,0.8736084421728973,0.8766384351074676,0.9756013946454645,-34.48172327737203,0.62,-105.44516983211611,1.0
VECM_time,BRENT,1,0.01,85,85,0.85,True,1,0.011764705882352941,0.8736084421728973,0.8766384351074676,0.9756013946454645,-37.07851705682596,0.62,-113.23555117047786,1.0
AR_equal,BRENT,1,0.05,85,85,4.25,False,7,0.08235294117647059,0.20867267686510071,0.29754768893593053,0.2637161328070996,-0.6733940159443871,0.503,-2.7911842686434514,0.7030988985729294
AR_macro,BRENT,1,0.05,85,85,4.25,False,6,0.07058823529411765,0.4108676985419013,0.38177982578774794,0.4864477725729671,-0.9869764495652756,0.5555,-4.06856608266982,0.9167484113372948
AR_macro_nc,BRENT,1,0.05,85,85,4.25,False,5,0.058823529411764705,0.716185540119278,0.4780025581473185,0.7277505413893437,-0.8390315726353975,0.608,-3.8856576712689574,0.9496677063725008
AR_time,BRENT,1,0.05,85,85,4.25,False,7,0.08235294117647059,0.20867267686510071,0.29754768893593053,0.2637161328070996,-1.4027083083886138,0.562,-5.19354186795489,0.8302689739802634
CTSF_equal,BRENT,1,0.05,85,85,4.25,False,6,0.07058823529411765,0.4108676985419013,0.38177982578774794,0.4864477725729671,-0.8085772976449408,0.3875,-2.868361771031062,0.710956536595914
CTSF_macro,BRENT,1,0.05,85,85,4.25,False,5,0.058823529411764705,0.716185540119278,0.4780025581473185,0.7277505413893437,-0.5460514430266962,0.5695,-2.772876099330924,0.9212378291712287
CTSF_time,BRENT,1,0.05,85,85,4.25,False,6,0.07058823529411765,0.4108676985419013,0.38177982578774794,0.4864477725729671,-0.7400283098610818,0.5475,-3.2707287019679563,0.8861861097333508
CTS_equal,BRENT,1,0.05,85,85,4.25,False,6,0.07058823529411765,0.4108676985419013,0.38177982578774794,0.4864477725729671,-0.9348883030230404,0.3445,-3.1223349001437364,0.6705974815548195
CTS_macro,BRENT,1,0.05,85,85,4.25,False,5,0.058823529411764705,0.716185540119278,0.4780025581473185,0.7277505413893437,-0.6738056543623456,0.538,-3.0136214307180698,0.8794294153890432
CTS_time,BRENT,1,0.05,85,85,4.25,False,6,0.07058823529411765,0.4108676985419013,0.38177982578774794,0.4864477725729671,-0.8869486066807578,0.505,-3.592179662379162,0.830198844686648
FHS_equal,BRENT,1,0.05,85,85,4.25,False,8,0.09411764705882353,0.09442497319480736,0.22591183841499918,0.11861842547803092,-0.6345108073640964,0.4655,-2.5292130513171074,0.6621439813940027
FHS_macro,BRENT,1,0.05,85,85,4.25,False,5,0.058823529411764705,0.716185540119278,0.4780025581473185,0.7277505413893437,-0.4960008448315041,0.6245,-2.6690691331540903,0.8654597371006232
FHS_time,BRENT,1,0.05,85,85,4.25,False,6,0.07058823529411765,0.4108676985419013,0.38177982578774794,0.4864477725729671,-0.839083550778798,0.5515,-3.4603780836774614,0.7522482933511138
RW_equal,BRENT,1,0.05,85,85,4.25,False,6,0.07058823529411765,0.4108676985419013,0.38177982578774794,0.4864477725729671,-0.33597591639272567,0.6605,-2.1782447742772915,0.839595438956832
VARL_equal,BRENT,1,0.05,85,85,4.25,False,6,0.07058823529411765,0.4108676985419013,0.38177982578774794,0.4864477725729671,-0.7170571158190653,0.411,-2.7048209342142395,0.7705317274245577
VARL_time,BRENT,1,0.05,85,85,4.25,False,5,0.058823529411764705,0.716185540119278,0.4780025581473185,0.7277505413893437,-0.4160039190600053,0.626,-2.337644270447596,0.8778403847955574
VECM_equal,BRENT,1,0.05,85,85,4.25,False,7,0.08235294117647059,0.20867267686510071,0.29754768893593053,0.2637161328070996,-0.7245843471847305,0.4,-2.7008891100597485,0.683275100278862
VECM_macro,BRENT,1,0.05,85,85,4.25,False,5,0.058823529411764705,0.716185540119278,0.4780025581473185,0.7277505413893437,-0.2554307366339553,0.7305,-1.8444928647397227,0.8597635941262989
VECM_time,BRENT,1,0.05,85,85,4.25,False,5,0.058823529411764705,0.716185540119278,0.4780025581473185,0.7277505413893437,-0.24497852413871074,0.7385,-1.843650110941602,0.86778084946151
AR_equal,BRENT,4,0.01,85,85,0.85,True,2,0.023529411764705882,0.2859795578030728,0.7547646576940108,0.5390151613584997,-6.268083015685261,0.257,-17.44852535168347,1.0
AR_macro,BRENT,4,0.01,85,85,0.85,True,2,0.023529411764705882,0.2859795578030728,0.7547646576940108,0.5390151613584997,-4.911683205153364,0.4675,-15.766724336289291,1.0
AR_macro_nc,BRENT,4,0.01,85,85,0.85,True,2,0.023529411764705882,0.2859795578030728,0.7547646576940108,0.5390151613584997,-4.8155229920852625,0.2545,-15.221337089923127,1.0
AR_time,BRENT,4,0.01,85,85,0.85,True,2,0.023529411764705882,0.2859795578030728,0.7547646576940108,0.5390151613584997,-3.487951709469498,0.261,-10.257639184588417,1.0
CTSF_equal,BRENT,4,0.01,85,85,0.85,True,2,0.023529411764705882,0.2859795578030728,0.7547646576940108,0.5390151613584997,-7.471445159652492,0.2395,-21.239009991141955,1.0
CTSF_macro,BRENT,4,0.01,85,85,0.85,True,2,0.023529411764705882,0.2859795578030728,0.7547646576940108,0.5390151613584997,-5.370226626355425,0.253,-17.054779100542326,1.0
CTSF_time,BRENT,4,0.01,85,85,0.85,True,2,0.023529411764705882,0.2859795578030728,0.7547646576940108,0.5390151613584997,-3.976364848425882,0.261,-11.551770855710107,1.0
CTS_equal,BRENT,4,0.01,85,85,0.85,True,2,0.023529411764705882,0.2859795578030728,0.7547646576940108,0.5390151613584997,-7.668174479484439,0.24,-21.63476247178589,1.0
CTS_macro,BRENT,4,0.01,85,85,0.85,True,2,0.023529411764705882,0.2859795578030728,0.7547646576940108,0.5390151613584997,-5.849101612382464,0.2535,-18.332825823679702,1.0
CTS_time,BRENT,4,0.01,85,85,0.85,True,2,0.023529411764705882,0.2859795578030728,0.7547646576940108,0.5390151613584997,-4.339769437507122,0.261,-12.494896535278423,1.0
FHS_equal,BRENT,4,0.01,85,85,0.85,True,2,0.023529411764705882,0.2859795578030728,0.7547646576940108,0.5390151613584997,-3.134962938504556,0.264,-10.082149563023023,1.0
FHS_macro,BRENT,4,0.01,85,85,0.85,True,1,0.011764705882352941,0.8736084421728973,0.8766384351074676,0.9756013946454645,-2.5590508582390403,0.63,-9.677152574717121,1.0
FHS_time,BRENT,4,0.01,85,85,0.85,True,2,0.023529411764705882,0.2859795578030728,0.7547646576940108,0.5390151613584997,-0.45387868923224917,0.63,-3.2770399073210204,1.0
RW_equal,BRENT,4,0.01,85,85,0.85,True,2,0.023529411764705882,0.2859795578030728,0.7547646576940108,0.5390151613584997,-7.4039189860688275,0.2545,-22.124671504652564,1.0
VARL_equal,BRENT,4,0.01,85,85,0.85,True,2,0.023529411764705882,0.2859795578030728,0.7547646576940108,0.5390151613584997,-7.413944074270413,0.2535,-22.50245036116644,1.0
VARL_time,BRENT,4,0.01,85,85,0.85,True,2,0.023529411764705882,0.2859795578030728,0.7547646576940108,0.5390151613584997,-2.4636793891594695,0.2815,-8.053936004028056,1.0
VECM_equal,BRENT,4,0.01,85,85,0.85,True,2,0.023529411764705882,0.2859795578030728,0.7547646576940108,0.5390151613584997,-4.945326755469278,0.2545,-15.186244509183988,1.0
VECM_macro,BRENT,4,0.01,85,85,0.85,True,1,0.011764705882352941,0.8736084421728973,0.8766384351074676,0.9756013946454645,-2.4979778767446827,0.63,-9.493933630234048,1.0
VECM_time,BRENT,4,0.01,85,85,0.85,True,2,0.023529411764705882,0.2859795578030728,0.7547646576940108,0.5390151613584997,-1.7137901655222323,0.496,-6.17957361483054,1.0
AR_equal,BRENT,4,0.05,85,85,4.25,False,3,0.03529411764705882,0.5122782991918476,0.637313395554705,0.7219193657385641,-1.0799757373490164,0.5,-4.305394046566647,1.0
AR_macro,BRENT,4,0.05,85,85,4.25,False,3,0.03529411764705882,0.5122782991918476,0.637313395554705,0.7219193657385641,-0.5106212248056747,0.65,-2.7241734978903325,1.0
AR_macro_nc,BRENT,4,0.05,85,85,4.25,False,3,0.03529411764705882,0.5122782991918476,0.637313395554705,0.7219193657385641,-0.454222686462683,0.706,-2.6606169457025786,1.0
AR_time,BRENT,4,0.05,85,85,4.25,False,3,0.03529411764705882,0.5122782991918476,0.637313395554705,0.7219193657385641,-0.54217377315607,0.694,-2.819193101775517,1.0
CTSF_equal,BRENT,4,0.05,85,85,4.25,False,2,0.023529411764705882,0.21357413704357642,0.7547646576940108,0.4394192486835131,-1.278819989527761,0.2855,-4.779935156511073,1.0
CTSF_macro,BRENT,4,0.05,85,85,4.25,False,5,0.058823529411764705,0.716185540119278,0.42613478510054914,0.6819794433314821,-0.6374606248847339,0.571,-3.025453183254356,0.9744511779276623
CTSF_time,BRENT,4,0.05,85,85,4.25,False,4,0.047058823529411764,0.9000458473117839,0.5270031096603232,0.8122301624791386,-0.631125790943734,0.6335,-2.982711444585116,0.9751983640279079
CTS_equal,BRENT,4,0.05,85,85,4.25,False,3,0.03529411764705882,0.5122782991918476,0.637313395554705,0.7219193657385641,-1.365215329419718,0.2855,-4.980191725990543,1.0
CTS_macro,BRENT,4,0.05,85,85,4.25,False,5,0.058823529411764705,0.716185540119278,0.42613478510054914,0.6819794433314821,-0.7610598620552634,0.508,-3.2495041184188014,0.9419669880443782
CTS_time,BRENT,4,0.05,85,85,4.25,False,4,0.047058823529411764,0.9000458473117839,0.5270031096603232,0.8122301624791386,-0.7132991644858273,0.5745,-3.12607757547121,0.9574242088834654
FHS_equal,BRENT,4,0.05,85,85,4.25,False,3,0.03529411764705882,0.5122782991918476,0.637313395554705,0.7219193657385641,-0.7788360102600522,0.4975,-3.6625249185237787,1.0
FHS_macro,BRENT,4,0.05,85,85,4.25,False,4,0.047058823529411764,0.9000458473117839,0.5270031096603232,0.8122301624791386,-0.24246283785548162,0.7845,-2.201499319607733,0.936548873392648
FHS_time,BRENT,4,0.05,85,85,4.25,False,4,0.047058823529411764,0.9000458473117839,0.5270031096603232,0.8122301624791386,-0.1480203536096794,0.841,-1.9363013812140935,0.9917232767671568
RW_equal,BRENT,4,0.05,85,85,4.25,False,2,0.023529411764705882,0.21357413704357642,0.7547646576940108,0.4394192486835131,-0.9313096246181317,0.5,-4.051289859742444,1.0
VARL_equal,BRENT,4,0.05,85,85,4.25,False,2,0.023529411764705882,0.21357413704357642,0.7547646576940108,0.4394192486835131,-0.8365604175739885,0.5,-3.8070721141580153,1.0
VARL_time,BRENT,4,0.05,85,85,4.25,False,2,0.023529411764705882,0.21357413704357642,0.7547646576940108,0.4394192486835131,-0.27604197385543633,0.723,-2.2744539132332475,1.0
VECM_equal,BRENT,4,0.05,85,85,4.25,False,2,0.023529411764705882,0.21357413704357642,0.7547646576940108,0.4394192486835131,-0.7979673710519289,0.5,-3.6567919587070326,1.0
VECM_macro,BRENT,4,0.05,85,85,4.25,False,2,0.023529411764705882,0.21357413704357642,0.7547646576940108,0.4394192486835131,-0.27807387544181766,0.838,-2.430807450097665,1.0
VECM_time,BRENT,4,0.05,85,85,4.25,False,3,0.03529411764705882,0.5122782991918476,0.637313395554705,0.7219193657385641,-0.1798353358477554,0.8595,-2.054668540619118,1.0
AR_equal,BRENT,12,0.01,29,85,0.29,True,0,0.0,0.44517024808373995,1.0,0.7471720943315963,1.0,0.0,1.0,1.0
AR_macro,BRENT,12,0.01,29,85,0.29,True,0,0.0,0.44517024808373995,1.0,0.7471720943315963,1.0,0.0,1.0,1.0
AR_macro_nc,BRENT,12,0.01,29,85,0.29,True,1,0.034482758620689655,0.3001666580096988,0.7854708144482555,0.5633961176945674,0.7313226611277209,0.0145,0.19396798338316257,1.0
AR_time,BRENT,12,0.01,29,85,0.29,True,0,0.0,0.44517024808373995,1.0,0.7471720943315963,1.0,0.0,1.0,1.0
CTSF_equal,BRENT,12,0.01,29,85,0.29,True,1,0.034482758620689655,0.3001666580096988,0.7854708144482555,0.5633961176945674,-0.5119770592972458,0.6045,-3.535931177891737,1.0
CTSF_macro,BRENT,12,0.01,29,85,0.29,True,0,0.0,0.44517024808373995,1.0,0.7471720943315963,1.0,0.0,1.0,1.0
CTSF_time,BRENT,12,0.01,29,85,0.29,True,0,0.0,0.44517024808373995,1.0,0.7471720943315963,1.0,0.0,1.0,1.0
CTS_equal,BRENT,12,0.01,29,85,0.29,True,1,0.034482758620689655,0.3001666580096988,0.7854708144482555,0.5633961176945674,-1.1394156121919468,0.6045,-5.4182468365758405,1.0
CTS_macro,BRENT,12,0.01,29,85,0.29,True,0,0.0,0.44517024808373995,1.0,0.7471720943315963,1.0,0.0,1.0,1.0
CTS_time,BRENT,12,0.01,29,85,0.29,True,0,0.0,0.44517024808373995,1.0,0.7471720943315963,1.0,0.0,1.0,1.0
FHS_equal,BRENT,12,0.01,29,85,0.29,True,0,0.0,0.44517024808373995,1.0,0.7471720943315963,1.0,0.0,1.0,1.0
FHS_macro,BRENT,12,0.01,29,85,0.29,True,0,0.0,0.44517024808373995,1.0,0.7471720943315963,1.0,0.0,1.0,1.0
FHS_time,BRENT,12,0.01,29,85,0.29,True,0,0.0,0.44517024808373995,1.0,0.7471720943315963,1.0,0.0,1.0,1.0
RW_equal,BRENT,12,0.01,29,85,0.29,True,0,0.0,0.44517024808373995,1.0,0.7471720943315963,1.0,0.0,1.0,1.0
VARL_equal,BRENT,12,0.01,29,85,0.29,True,1,0.034482758620689655,0.3001666580096988,0.7854708144482555,0.5633961176945674,-0.41237182269584055,0.6045,-3.237115468087522,1.0
VARL_time,BRENT,12,0.01,29,85,0.29,True,0,0.0,0.44517024808373995,1.0,0.7471720943315963,1.0,0.0,1.0,1.0
VECM_equal,BRENT,12,0.01,29,85,0.29,True,0,0.0,0.44517024808373995,1.0,0.7471720943315963,1.0,0.0,1.0,1.0
VECM_macro,BRENT,12,0.01,29,85,0.29,True,0,0.0,0.44517024808373995,1.0,0.7471720943315963,1.0,0.0,1.0,1.0
VECM_time,BRENT,12,0.01,29,85,0.29,True,0,0.0,0.44517024808373995,1.0,0.7471720943315963,1.0,0.0,1.0,1.0
AR_equal,BRENT,12,0.05,29,85,1.4500000000000002,True,2,0.06896551724137931,0.656837214101839,0.5789122401075852,0.776706755933998,-0.5570066234837296,0.68,-2.9775525416993585,1.0
AR_macro,BRENT,12,0.05,29,85,1.4500000000000002,True,1,0.034482758620689655,0.6853337488489716,0.7854708144482555,0.8876859655508784,0.3442129905555625,0.6045,-0.9673610283333125,1.0
AR_macro_nc,BRENT,12,0.05,29,85,1.4500000000000002,True,1,0.034482758620689655,0.6853337488489716,0.7854708144482555,0.8876859655508784,-0.1226130600073637,0.6045,-2.367839180022091,1.0
AR_time,BRENT,12,0.05,29,85,1.4500000000000002,True,1,0.034482758620689655,0.6853337488489716,0.7854708144482555,0.8876859655508784,0.4661637745703803,0.6045,-0.6015086762888593,1.0
CTSF_equal,BRENT,12,0.05,29,85,1.4500000000000002,True,2,0.06896551724137931,0.656837214101839,0.5789122401075852,0.776706755933998,-0.6363635489423705,0.5985,-3.335902932485876,1.0
CTSF_macro,BRENT,12,0.05,29,85,1.4500000000000002,True,1,0.034482758620689655,0.6853337488489716,0.7854708144482555,0.8876859655508784,0.2896507667483939,0.6045,-1.1310476997548184,1.0
CTSF_time,BRENT,12,0.05,29,85,1.4500000000000002,True,1,0.034482758620689655,0.6853337488489716,0.7854708144482555,0.8876859655508784,0.24767326050804722,0.6045,-1.2569802184758583,1.0
CTS_equal,BRENT,12,0.05,29,85,1.4500000000000002,True,2,0.06896551724137931,0.656837214101839,0.5789122401075852,0.776706755933998,-0.7970772308204902,0.5755,-3.6672869250446,1.0
CTS_macro,BRENT,12,0.05,29,85,1.4500000000000002,True,1,0.034482758620689655,0.6853337488489716,0.7854708144482555,0.8876859655508784,0.2236639459675337,0.6045,-1.329008162097399,1.0
CTS_time,BRENT,12,0.05,29,85,1.4500000000000002,True,1,0.034482758620689655,0.6853337488489716,0.7854708144482555,0.8876859655508784,0.16499535110115618,0.6045,-1.5050139466965313,1.0
FHS_equal,BRENT,12,0.05,29,85,1.4500000000000002,True,1,0.034482758620689655,0.6853337488489716,0.7854708144482555,0.8876859655508784,0.1459526384347176,0.6045,-1.5621420846958471,1.0
FHS_macro,BRENT,12,0.05,29,85,1.4500000000000002,True,1,0.034482758620689655,0.6853337488489716,0.7854708144482555,0.8876859655508784,0.5686879559013814,0.0765,-0.2939361322958558,1.0
FHS_time,BRENT,12,0.05,29,85,1.4500000000000002,True,1,0.034482758620689655,0.6853337488489716,0.7854708144482555,0.8876859655508784,0.6074184923523386,0.0765,-0.17774452294298432,1.0
RW_equal,BRENT,12,0.05,29,85,1.4500000000000002,True,1,0.034482758620689655,0.6853337488489716,0.7854708144482555,0.8876859655508784,0.9153527889160867,0.0,0.7460583667482598,1.0
VARL_equal,BRENT,12,0.05,29,85,1.4500000000000002,True,1,0.034482758620689655,0.6853337488489716,0.7854708144482555,0.8876859655508784,-0.40891871954544784,0.6045,-3.2267561586363436,1.0
VARL_time,BRENT,12,0.05,29,85,1.4500000000000002,True,1,0.034482758620689655,0.6853337488489716,0.7854708144482555,0.8876859655508784,0.11394637020999332,0.6045,-1.6581608893700202,1.0
VECM_equal,BRENT,12,0.05,29,85,1.4500000000000002,True,1,0.034482758620689655,0.6853337488489716,0.7854708144482555,0.8876859655508784,0.08146489025658611,0.6045,-1.7556053292302416,1.0
VECM_macro,BRENT,12,0.05,29,85,1.4500000000000002,True,1,0.034482758620689655,0.6853337488489716,0.7854708144482555,0.8876859655508784,0.4362243903532792,0.6045,-0.6913268289401624,1.0
VECM_time,BRENT,12,0.05,29,85,1.4500000000000002,True,1,0.034482758620689655,0.6853337488489716,0.7854708144482555,0.8876859655508784,0.6171240166587603,0.0765,-0.14862795002371898,1.0
AR_equal,BRENT,20,0.01,17,85,0.17,True,1,0.058823529411764705,0.16524759896456886,0.7148995492194973,0.3571910794239648,-24.528625568164728,0.6005,-75.58587670449418,1.0
AR_macro,BRENT,20,0.01,17,85,0.17,True,1,0.058823529411764705,0.16524759896456886,0.7148995492194973,0.3571910794239648,-12.257186117089194,0.6005,-38.77155835126758,1.0
AR_macro_nc,BRENT,20,0.01,17,85,0.17,True,1,0.058823529411764705,0.16524759896456886,0.7148995492194973,0.3571910794239648,-18.70858868559693,0.6005,-58.12576605679078,1.0
AR_time,BRENT,20,0.01,17,85,0.17,True,1,0.058823529411764705,0.16524759896456886,0.7148995492194973,0.3571910794239648,-18.646528411511248,0.6005,-57.93958523453375,1.0
CTSF_equal,BRENT,20,0.01,17,85,0.17,True,1,0.058823529411764705,0.16524759896456886,0.7148995492194973,0.3571910794239648,-24.467073738958362,0.6005,-75.40122121687509,1.0
CTSF_macro,BRENT,20,0.01,17,85,0.17,True,1,0.058823529411764705,0.16524759896456886,0.7148995492194973,0.3571910794239648,-12.998882038070521,0.6005,-40.996646114211565,1.0
CTSF_time,BRENT,20,0.01,17,85,0.17,True,1,0.058823529411764705,0.16524759896456886,0.7148995492194973,0.3571910794239648,-27.166619223897833,0.6005,-83.4998576716935,1.0
CTS_equal,BRENT,20,0.01,17,85,0.17,True,1,0.058823529411764705,0.16524759896456886,0.7148995492194973,0.3571910794239648,-24.692588976721446,0.6005,-76.07776693016433,1.0
CTS_macro,BRENT,20,0.01,17,85,0.17,True,1,0.058823529411764705,0.16524759896456886,0.7148995492194973,0.3571910794239648,-13.129833006583482,0.6005,-41.389499019750446,1.0
CTS_time,BRENT,20,0.01,17,85,0.17,True,1,0.058823529411764705,0.16524759896456886,0.7148995492194973,0.3571910794239648,-28.352513536522864,0.6005,-87.05754060956859,1.0
FHS_equal,BRENT,20,0.01,17,85,0.17,True,1,0.058823529411764705,0.16524759896456886,0.7148995492194973,0.3571910794239648,-16.863977791307065,0.6005,-52.591933373921194,1.0
FHS_macro,BRENT,20,0.01,17,85,0.17,True,1,0.058823529411764705,0.16524759896456886,0.7148995492194973,0.3571910794239648,-3.5773890505552646,0.6005,-12.732167151665791,1.0
FHS_time,BRENT,20,0.01,17,85,0.17,True,1,0.058823529411764705,0.16524759896456886,0.7148995492194973,0.3571910794239648,-8.606340235395807,0.6005,-27.819020706187423,1.0
RW_equal,BRENT,20,0.01,17,85,0.17,True,1,0.058823529411764705,0.16524759896456886,0.7148995492194973,0.3571910794239648,-15.737889501082702,0.6005,-49.2136685032481,1.0
VARL_equal,BRENT,20,0.01,17,85,0.17,True,1,0.058823529411764705,0.16524759896456886,0.7148995492194973,0.3571910794239648,-40.650029196523775,0.6005,-123.95008758957134,1.0
VARL_time,BRENT,20,0.01,17,85,0.17,True,1,0.058823529411764705,0.16524759896456886,0.7148995492194973,0.3571910794239648,-21.833164473103558,0.6005,-67.49949341931067,1.0
VECM_equal,BRENT,20,0.01,17,85,0.17,True,1,0.058823529411764705,0.16524759896456886,0.7148995492194973,0.3571910794239648,-18.482155341710197,0.6005,-57.44646602513059,1.0
VECM_macro,BRENT,20,0.01,17,85,0.17,True,1,0.058823529411764705,0.16524759896456886,0.7148995492194973,0.3571910794239648,-7.422788078978603,0.6005,-24.26836423693581,1.0
VECM_time,BRENT,20,0.01,17,85,0.17,True,1,0.058823529411764705,0.16524759896456886,0.7148995492194973,0.3571910794239648,-12.476398934525376,0.6005,-39.429196803576126,1.0
AR_equal,BRENT,20,0.05,17,85,0.8500000000000001,True,1,0.058823529411764705,0.8708415681735512,0.7148995492194973,0.9231774328446429,-5.470727095885606,0.6005,-18.412181287656818,1.0
AR_macro,BRENT,20,0.05,17,85,0.8500000000000001,True,1,0.058823529411764705,0.8708415681735512,0.7148995492194973,0.9231774328446429,-3.0170446035330665,0.6005,-11.0511338105992,1.0
AR_macro_nc,BRENT,20,0.05,17,85,0.8500000000000001,True,1,0.058823529411764705,0.8708415681735512,0.7148995492194973,0.9231774328446429,-3.9491915681291623,0.6005,-13.847574704387489,1.0
AR_time,BRENT,20,0.05,17,85,0.8500000000000001,True,1,0.058823529411764705,0.8708415681735512,0.7148995492194973,0.9231774328446429,-3.7156245418934057,0.6005,-13.146873625680216,1.0
CTSF_equal,BRENT,20,0.05,17,85,0.8500000000000001,True,1,0.058823529411764705,0.8708415681735512,0.7148995492194973,0.9231774328446429,-6.669824924485738,0.6005,-22.009474773457214,1.0
CTSF_macro,BRENT,20,0.05,17,85,0.8500000000000001,True,2,0.11764705882352941,0.2720126920667876,0.44891564946860063,0.4106645344386778,-3.226848781536095,0.5965,-11.178839531062934,1.0
CTSF_time,BRENT,20,0.05,17,85,0.8500000000000001,True,2,0.11764705882352941,0.2720126920667876,0.44891564946860063,0.4106645344386778,-4.789998611447182,0.4105,-15.271136861447443,1.0
CTS_equal,BRENT,20,0.05,17,85,0.8500000000000001,True,2,0.11764705882352941,0.2720126920667876,0.44891564946860063,0.4106645344386778,-6.825769362043611,0.6005,-22.45462074771845,1.0
CTS_macro,BRENT,20,0.05,17,85,0.8500000000000001,True,2,0.11764705882352941,0.2720126920667876,0.44891564946860063,0.4106645344386778,-3.466817901888912,0.5665,-11.690772523217447,1.0
CTS_time,BRENT,20,0.05,17,85,0.8500000000000001,True,2,0.11764705882352941,0.2720126920667876,0.44891564946860063,0.4106645344386778,-4.972691605030428,0.4105,-15.618536428087957,1.0
FHS_equal,BRENT,20,0.05,17,85,0.8500000000000001,True,1,0.058823529411764705,0.8708415681735512,0.7148995492194973,0.9231774328446429,-4.826553704308721,0.6005,-16.479661112926163,1.0
FHS_macro,BRENT,20,0.05,17,85,0.8500000000000001,True,2,0.11764705882352941,0.2720126920667876,0.44891564946860063,0.4106645344386778,-2.077109248948056,0.6005,-8.207852038104754,1.0
FHS_time,BRENT,20,0.05,17,85,0.8500000000000001,True,2,0.11764705882352941,0.2720126920667876,0.44891564946860063,0.4106645344386778,-3.1704849980343903,0.6005,-11.191937381898681,1.0
RW_equal,BRENT,20,0.05,17,85,0.8500000000000001,True,1,0.058823529411764705,0.8708415681735512,0.7148995492194973,0.9231774328446429,-3.420812824573797,0.6005,-12.26243847372139,1.0
VARL_equal,BRENT,20,0.05,17,85,0.8500000000000001,True,1,0.058823529411764705,0.8708415681735512,0.7148995492194973,0.9231774328446429,-6.800472152103509,0.6005,-22.40141645631053,1.0
VARL_time,BRENT,20,0.05,17,85,0.8500000000000001,True,1,0.058823529411764705,0.8708415681735512,0.7148995492194973,0.9231774328446429,-3.8000131988426022,0.6005,-13.400039596527806,1.0
VECM_equal,BRENT,20,0.05,17,85,0.8500000000000001,True,1,0.058823529411764705,0.8708415681735512,0.7148995492194973,0.9231774328446429,-3.9295951356404712,0.6005,-13.788785406921413,1.0
VECM_macro,BRENT,20,0.05,17,85,0.8500000000000001,True,1,0.058823529411764705,0.8708415681735512,0.7148995492194973,0.9231774328446429,-2.1369003190734666,0.6005,-8.4107009572204,1.0
VECM_time,BRENT,20,0.05,17,85,0.8500000000000001,True,1,0.058823529411764705,0.8708415681735512,0.7148995492194973,0.9231774328446429,-2.648258913078949,0.6005,-9.944776739236847,1.0
AR_equal,SPREAD,1,0.01,85,85,0.85,True,0,0.0,0.1911726870987288,1.0,0.42559012338865465,1.0,0.0,1.0,1.0
AR_macro,SPREAD,1,0.01,85,85,0.85,True,1,0.011764705882352941,0.8736084421728973,0.8766384351074676,0.9756013946454645,0.6814167891588618,0.02,0.0442503674765852,1.0
AR_macro_nc,SPREAD,1,0.01,85,85,0.85,True,1,0.011764705882352941,0.8736084421728973,0.8766384351074676,0.9756013946454645,0.17933682839245765,0.6475,-1.4619895148226272,1.0
AR_time,SPREAD,1,0.01,85,85,0.85,True,1,0.011764705882352941,0.8736084421728973,0.8766384351074676,0.9756013946454645,-0.76238534650288,0.6475,-4.28715603950864,1.0
CTSF_equal,SPREAD,1,0.01,85,85,0.85,True,0,0.0,0.1911726870987288,1.0,0.42559012338865465,1.0,0.0,1.0,1.0
CTSF_macro,SPREAD,1,0.01,85,85,0.85,True,1,0.011764705882352941,0.8736084421728973,0.8766384351074676,0.9756013946454645,-0.47666172783103605,0.6035,-3.429985183493108,1.0
CTSF_time,SPREAD,1,0.01,85,85,0.85,True,0,0.0,0.1911726870987288,1.0,0.42559012338865465,1.0,0.0,1.0,1.0
CTS_equal,SPREAD,1,0.01,85,85,0.85,True,0,0.0,0.1911726870987288,1.0,0.42559012338865465,1.0,0.0,1.0,1.0
CTS_macro,SPREAD,1,0.01,85,85,0.85,True,1,0.011764705882352941,0.8736084421728973,0.8766384351074676,0.9756013946454645,-0.048794518195534035,0.6035,-2.146383554586602,1.0
CTS_time,SPREAD,1,0.01,85,85,0.85,True,0,0.0,0.1911726870987288,1.0,0.42559012338865465,1.0,0.0,1.0,1.0
FHS_equal,SPREAD,1,0.01,85,85,0.85,True,1,0.011764705882352941,0.8736084421728973,0.8766384351074676,0.9756013946454645,0.20916175723701025,0.6265,-1.3725147282889694,1.0
FHS_macro,SPREAD,1,0.01,85,85,0.85,True,1,0.011764705882352941,0.8736084421728973,0.8766384351074676,0.9756013946454645,0.38997023760676564,0.6265,-0.8300892871797032,1.0
FHS_time,SPREAD,1,0.01,85,85,0.85,True,0,0.0,0.1911726870987288,1.0,0.42559012338865465,1.0,0.0,1.0,1.0
RW_equal,SPREAD,1,0.01,85,85,0.85,True,0,0.0,0.1911726870987288,1.0,0.42559012338865465,1.0,0.0,1.0,1.0
VARL_equal,SPREAD,1,0.01,85,85,0.85,True,0,0.0,0.1911726870987288,1.0,0.42559012338865465,1.0,0.0,1.0,1.0
VARL_time,SPREAD,1,0.01,85,85,0.85,True,0,0.0,0.1911726870987288,1.0,0.42559012338865465,1.0,0.0,1.0,1.0
VECM_equal,SPREAD,1,0.01,85,85,0.85,True,0,0.0,0.1911726870987288,1.0,0.42559012338865465,1.0,0.0,1.0,1.0
VECM_macro,SPREAD,1,0.01,85,85,0.85,True,1,0.011764705882352941,0.8736084421728973,0.8766384351074676,0.9756013946454645,0.5357683838999924,0.076,-0.39269484830002305,1.0
VECM_time,SPREAD,1,0.01,85,85,0.85,True,0,0.0,0.1911726870987288,1.0,0.42559012338865465,1.0,0.0,1.0,1.0
AR_equal,SPREAD,1,0.05,85,85,4.25,False,3,0.03529411764705882,0.5122782991918476,0.637313395554705,0.7219193657385641,0.22372357433009915,0.593,-0.7481948139919369,1.0
AR_macro,SPREAD,1,0.05,85,85,4.25,False,5,0.058823529411764705,0.716185540119278,0.42613478510054914,0.6819794433314821,0.03353618951546756,0.9095,-1.1447460508773677,0.9586586956309424
AR_macro_nc,SPREAD,1,0.05,85,85,4.25,False,5,0.058823529411764705,0.716185540119278,0.42613478510054914,0.6819794433314821,0.01628648412484089,0.9795,-1.2238071730841398,0.9372817189751437
AR_time,SPREAD,1,0.05,85,85,4.25,False,4,0.047058823529411764,0.9000458473117839,0.5270031096603232,0.8122301624791386,0.028375379891707887,0.9315,-1.252520104852054,0.9641240351750664
CTSF_equal,SPREAD,1,0.05,85,85,4.25,False,4,0.047058823529411764,0.9000458473117839,0.5270031096603232,0.8122301624791386,0.03240209838960628,0.962,-1.246359356317221,0.9439904836112332
CTSF_macro,SPREAD,1,0.05,85,85,4.25,False,5,0.058823529411764705,0.716185540119278,0.42613478510054914,0.6819794433314821,-0.2282142747984403,0.741,-1.8902332701223086,0.8483596607648333
CTSF_time,SPREAD,1,0.05,85,85,4.25,False,5,0.058823529411764705,0.716185540119278,0.42613478510054914,0.6819794433314821,-0.08207585539874458,0.866,-1.223613309376147,0.8072609214770463
CTS_equal,SPREAD,1,0.05,85,85,4.25,False,4,0.047058823529411764,0.9000458473117839,0.5270031096603232,0.8122301624791386,0.23344016470022366,0.6065,-0.8604263014081186,0.9871345353899077
CTS_macro,SPREAD,1,0.05,85,85,4.25,False,5,0.058823529411764705,0.716185540119278,0.42613478510054914,0.6819794433314821,0.018231221129324675,0.9775,-1.455273756082321,0.9324272660793189
CTS_time,SPREAD,1,0.05,85,85,4.25,False,5,0.058823529411764705,0.716185540119278,0.42613478510054914,0.6819794433314821,0.16651776435498697,0.6945,-0.7891773024156407,0.8607704314850938
FHS_equal,SPREAD,1,0.05,85,85,4.25,False,5,0.058823529411764705,0.716185540119278,0.42613478510054914,0.6819794433314821,-0.04971705976566391,0.931,-1.3443311294878293,0.8438692996414361
FHS_macro,SPREAD,1,0.05,85,85,4.25,False,5,0.058823529411764705,0.716185540119278,0.42613478510054914,0.6819794433314821,-0.18450885595017527,0.797,-1.541549183596133,0.8303797397338034
FHS_time,SPREAD,1,0.05,85,85,4.25,False,6,0.07058823529411765,0.4108676985419013,0.33642965736154473,0.4492665274809724,-0.050578606499826734,0.917,-1.1680836211993608,0.8101339606882482
RW_equal,SPREAD,1,0.05,85,85,4.25,False,3,0.03529411764705882,0.5122782991918476,0.637313395554705,0.7219193657385641,0.3075818196447826,0.493,-0.588591893576584,1.0
VARL_equal,SPREAD,1,0.05,85,85,4.25,False,4,0.047058823529411764,0.9000458473117839,0.5270031096603232,0.8122301624791386,0.39235535338215044,0.4215,-0.6087287264416739,0.9995412256333628
VARL_time,SPREAD,1,0.05,85,85,4.25,False,4,0.047058823529411764,0.9000458473117839,0.5270031096603232,0.8122301624791386,0.29123616205696296,0.5015,-0.7052183308897239,0.9707902492027329
VECM_equal,SPREAD,1,0.05,85,85,4.25,False,3,0.03529411764705882,0.5122782991918476,0.637313395554705,0.7219193657385641,0.27328698940186125,0.609,-1.0786637011319917,1.0
VECM_macro,SPREAD,1,0.05,85,85,4.25,False,4,0.047058823529411764,0.9000458473117839,0.5270031096603232,0.8122301624791386,-0.05936572789359385,0.9145,-1.8815309396565196,0.9417132267133926
VECM_time,SPREAD,1,0.05,85,85,4.25,False,5,0.058823529411764705,0.716185540119278,0.42613478510054914,0.6819794433314821,0.24626234843926745,0.585,-0.7955265433473145,0.9471244140043968
AR_equal,SPREAD,4,0.01,85,85,0.85,True,0,0.0,0.1911726870987288,1.0,0.42559012338865465,1.0,0.0,1.0,1.0
AR_macro,SPREAD,4,0.01,85,85,0.85,True,0,0.0,0.1911726870987288,1.0,0.42559012338865465,1.0,0.0,1.0,1.0
AR_macro_nc,SPREAD,4,0.01,85,85,0.85,True,0,0.0,0.1911726870987288,1.0,0.42559012338865465,1.0,0.0,1.0,1.0
AR_time,SPREAD,4,0.01,85,85,0.85,True,0,0.0,0.1911726870987288,1.0,0.42559012338865465,1.0,0.0,1.0,1.0
CTSF_equal,SPREAD,4,0.01,85,85,0.85,True,2,0.023529411764705882,0.2859795578030728,0.7547646576940108,0.5390151613584997,-1.543700310512924,0.596,-6.234193289551687,1.0
CTSF_macro,SPREAD,4,0.01,85,85,0.85,True,3,0.03529411764705882,0.06835060349370203,0.637313395554705,0.16995306544995759,-0.8121940985783216,0.6215,-4.130675322558809,1.0
CTSF_time,SPREAD,4,0.01,85,85,0.85,True,2,0.023529411764705882,0.2859795578030728,0.7547646576940108,0.5390151613584997,-0.47783543587127275,0.642,-3.129179834237604,1.0
CTS_equal,SPREAD,4,0.01,85,85,0.85,True,1,0.011764705882352941,0.8736084421728973,0.8766384351074676,0.9756013946454645,-0.2669643753349817,0.622,-2.800893126004945,1.0
CTS_macro,SPREAD,4,0.01,85,85,0.85,True,1,0.011764705882352941,0.8736084421728973,0.8766384351074676,0.9756013946454645,-0.13206695945222244,0.622,-2.3962008783566673,1.0
CTS_time,SPREAD,4,0.01,85,85,0.85,True,1,0.011764705882352941,0.8736084421728973,0.8766384351074676,0.9756013946454645,0.3487743430509286,0.622,-0.9536769708472144,1.0
FHS_equal,SPREAD,4,0.01,85,85,0.85,True,0,0.0,0.1911726870987288,1.0,0.42559012338865465,1.0,0.0,1.0,1.0
FHS_macro,SPREAD,4,0.01,85,85,0.85,True,1,0.011764705882352941,0.8736084421728973,0.8766384351074676,0.9756013946454645,0.4993749048201929,0.2555,-0.5018752855394213,1.0
FHS_time,SPREAD,4,0.01,85,85,0.85,True,1,0.011764705882352941,0.8736084421728973,0.8766384351074676,0.9756013946454645,0.5977080475277182,0.071,-0.20687585741684525,1.0
RW_equal,SPREAD,4,0.01,85,85,0.85,True,0,0.0,0.1911726870987288,1.0,0.42559012338865465,1.0,0.0,1.0,1.0
VARL_equal,SPREAD,4,0.01,85,85,0.85,True,1,0.011764705882352941,0.8736084421728973,0.8766384351074676,0.9756013946454645,-0.3095965928612272,0.622,-2.9287897785836816,1.0
VARL_time,SPREAD,4,0.01,85,85,0.85,True,1,0.011764705882352941,0.8736084421728973,0.8766384351074676,0.9756013946454645,0.1593171516240273,0.622,-1.522048545127918,1.0
VECM_equal,SPREAD,4,0.01,85,85,0.85,True,1,0.011764705882352941,0.8736084421728973,0.8766384351074676,0.9756013946454645,0.019354028657521134,0.622,-1.9419379140274367,1.0
VECM_macro,SPREAD,4,0.01,85,85,0.85,True,1,0.011764705882352941,0.8736084421728973,0.8766384351074676,0.9756013946454645,-0.4516300749891418,0.622,-3.3548902249674257,1.0
VECM_time,SPREAD,4,0.01,85,85,0.85,True,1,0.011764705882352941,0.8736084421728973,0.8766384351074676,0.9756013946454645,-0.021336420748389172,0.622,-2.0640092622451673,1.0
AR_equal,SPREAD,4,0.05,85,85,4.25,False,4,0.047058823529411764,0.9000458473117839,0.5270031096603232,0.8122301624791386,0.3415051324952904,0.356,-0.5202466588067952,0.9835940566245184
AR_macro,SPREAD,4,0.05,85,85,4.25,False,4,0.047058823529411764,0.9000458473117839,0.5270031096603232,0.8122301624791386,0.3028006723477011,0.4875,-0.6371157892348649,0.972435596763309
AR_macro_nc,SPREAD,4,0.05,85,85,4.25,False,4,0.047058823529411764,0.9000458473117839,0.5270031096603232,0.8122301624791386,0.2636806864791215,0.5735,-0.7176972560492224,0.9765794927837753
AR_time,SPREAD,4,0.05,85,85,4.25,False,3,0.03529411764705882,0.5122782991918476,0.637313395554705,0.7219193657385641,0.3809320600873398,0.3145,-0.46269754585277034,1.0
CTSF_equal,SPREAD,4,0.05,85,85,4.25,False,6,0.07058823529411765,0.4108676985419013,0.33642965736154473,0.4492665274809724,-0.6769258605090578,0.398,-2.466572635850213,0.6517343918709328
CTSF_macro,SPREAD,4,0.05,85,85,4.25,False,6,0.07058823529411765,0.4108676985419013,0.33642965736154473,0.4492665274809724,-0.718539707202657,0.3575,-2.4507914167242166,0.6185599685438121
CTSF_time,SPREAD,4,0.05,85,85,4.25,False,6,0.07058823529411765,0.4108676985419013,0.33642965736154473,0.4492665274809724,-0.7092888343125271,0.3325,-2.309064188561284,0.5540025757788785
CTS_equal,SPREAD,4,0.05,85,85,4.25,False,5,0.058823529411764705,0.716185540119278,0.42613478510054914,0.6819794433314821,-0.10893846782858757,0.868,-1.531220973211237,0.9269518723566584
CTS_macro,SPREAD,4,0.05,85,85,4.25,False,5,0.058823529411764705,0.716185540119278,0.42613478510054914,0.6819794433314821,-0.13691479295915235,0.8285,-1.539924623684858,0.939968560155266
CTS_time,SPREAD,4,0.05,85,85,4.25,False,5,0.058823529411764705,0.716185540119278,0.42613478510054914,0.6819794433314821,-0.15708705812269624,0.7985,-1.4419418247080937,0.8453826539871566
FHS_equal,SPREAD,4,0.05,85,85,4.25,False,2,0.023529411764705882,0.21357413704357642,0.7547646576940108,0.4394192486835131,0.4138861447791699,0.246,-0.5623735319164717,1.0
FHS_macro,SPREAD,4,0.05,85,85,4.25,False,2,0.023529411764705882,0.21357413704357642,0.7547646576940108,0.4394192486835131,0.2895041658127246,0.49,-0.8977227645021569,1.0
FHS_time,SPREAD,4,0.05,85,85,4.25,False,2,0.023529411764705882,0.21357413704357642,0.7547646576940108,0.4394192486835131,0.37520290268682943,0.49,-0.6674204961203039,1.0
RW_equal,SPREAD,4,0.05,85,85,4.25,False,3,0.03529411764705882,0.5122782991918476,0.637313395554705,0.7219193657385641,0.378422426297952,0.2745,-0.4681295884877566,1.0
VARL_equal,SPREAD,4,0.05,85,85,4.25,False,5,0.058823529411764705,0.716185540119278,0.42613478510054914,0.6819794433314821,-0.09848285758829183,0.8795,-1.5087819946399754,0.8623902738718145
VARL_time,SPREAD,4,0.05,85,85,4.25,False,5,0.058823529411764705,0.716185540119278,0.42613478510054914,0.6819794433314821,-0.21370074147176907,0.732,-1.5420404698141292,0.8566815732274405
VECM_equal,SPREAD,4,0.05,85,85,4.25,False,6,0.07058823529411765,0.4108676985419013,0.33642965736154473,0.4492665274809724,-0.19754427741090902,0.7585,-1.5771178436270241,0.815081499125161
VECM_macro,SPREAD,4,0.05,85,85,4.25,False,6,0.07058823529411765,0.4108676985419013,0.33642965736154473,0.4492665274809724,-0.3925211001341087,0.592,-1.9846222702971112,0.8301304828483757
VECM_time,SPREAD,4,0.05,85,85,4.25,False,5,0.058823529411764705,0.716185540119278,0.42613478510054914,0.6819794433314821,-0.33833139141911267,0.6015,-1.7691976588270313,0.7887855707207941
AR_equal,SPREAD,12,0.01,29,85,0.29,True,0,0.0,0.44517024808373995,1.0,0.7471720943315963,1.0,0.0,1.0,1.0
AR_macro,SPREAD,12,0.01,29,85,0.29,True,0,0.0,0.44517024808373995,1.0,0.7471720943315963,1.0,0.0,1.0,1.0
AR_macro_nc,SPREAD,12,0.01,29,85,0.29,True,0,0.0,0.44517024808373995,1.0,0.7471720943315963,1.0,0.0,1.0,1.0
AR_time,SPREAD,12,0.01,29,85,0.29,True,0,0.0,0.44517024808373995,1.0,0.7471720943315963,1.0,0.0,1.0,1.0
CTSF_equal,SPREAD,12,0.01,29,85,0.29,True,1,0.034482758620689655,0.3001666580096988,0.7854708144482555,0.5633961176945674,-0.28170069424298805,0.598,-2.8451020827289644,1.0
CTSF_macro,SPREAD,12,0.01,29,85,0.29,True,1,0.034482758620689655,0.3001666580096988,0.7854708144482555,0.5633961176945674,0.34996552541944015,0.598,-0.9501034237416794,1.0
CTSF_time,SPREAD,12,0.01,29,85,0.29,True,1,0.034482758620689655,0.3001666580096988,0.7854708144482555,0.5633961176945674,-0.7158770098329211,0.598,-4.147631029498763,1.0
CTS_equal,SPREAD,12,0.01,29,85,0.29,True,0,0.0,0.44517024808373995,1.0,0.7471720943315963,1.0,0.0,1.0,1.0
CTS_macro,SPREAD,12,0.01,29,85,0.29,True,0,0.0,0.44517024808373995,1.0,0.7471720943315963,1.0,0.0,1.0,1.0
CTS_time,SPREAD,12,0.01,29,85,0.29,True,0,0.0,0.44517024808373995,1.0,0.7471720943315963,1.0,0.0,1.0,1.0
FHS_equal,SPREAD,12,0.01,29,85,0.29,True,0,0.0,0.44517024808373995,1.0,0.7471720943315963,1.0,0.0,1.0,1.0
FHS_macro,SPREAD,12,0.01,29,85,0.29,True,0,0.0,0.44517024808373995,1.0,0.7471720943315963,1.0,0.0,1.0,1.0
FHS_time,SPREAD,12,0.01,29,85,0.29,True,0,0.0,0.44517024808373995,1.0,0.7471720943315963,1.0,0.0,1.0,1.0
RW_equal,SPREAD,12,0.01,29,85,0.29,True,0,0.0,0.44517024808373995,1.0,0.7471720943315963,1.0,0.0,1.0,1.0
VARL_equal,SPREAD,12,0.01,29,85,0.29,True,0,0.0,0.44517024808373995,1.0,0.7471720943315963,1.0,0.0,1.0,1.0
VARL_time,SPREAD,12,0.01,29,85,0.29,True,0,0.0,0.44517024808373995,1.0,0.7471720943315963,1.0,0.0,1.0,1.0
VECM_equal,SPREAD,12,0.01,29,85,0.29,True,0,0.0,0.44517024808373995,1.0,0.7471720943315963,1.0,0.0,1.0,1.0
VECM_macro,SPREAD,12,0.01,29,85,0.29,True,0,0.0,0.44517024808373995,1.0,0.7471720943315963,1.0,0.0,1.0,1.0
VECM_time,SPREAD,12,0.01,29,85,0.29,True,0,0.0,0.44517024808373995,1.0,0.7471720943315963,1.0,0.0,1.0,1.0
AR_equal,SPREAD,12,0.05,29,85,1.4500000000000002,True,1,0.034482758620689655,0.6853337488489716,0.7854708144482555,0.8876859655508784,0.9523848989995823,0.0,0.8571546969987469,1.0
AR_macro,SPREAD,12,0.05,29,85,1.4500000000000002,True,0,0.0,0.08455954827604395,1.0,0.22593554099256563,1.0,0.0,1.0,1.0
AR_macro_nc,SPREAD,12,0.05,29,85,1.4500000000000002,True,1,0.034482758620689655,0.6853337488489716,0.7854708144482555,0.8876859655508784,0.9807078907856288,0.0,0.9421236723568868,1.0
AR_time,SPREAD,12,0.05,29,85,1.4500000000000002,True,0,0.0,0.08455954827604395,1.0,0.22593554099256563,1.0,0.0,1.0,1.0
CTSF_equal,SPREAD,12,0.05,29,85,1.4500000000000002,True,3,0.10344827586206896,0.24507184282110117,0.3955743946901722,0.3547083859628326,-0.5339411349341814,0.5995,-3.2321563407347744,1.0
CTSF_macro,SPREAD,12,0.05,29,85,1.4500000000000002,True,3,0.10344827586206896,0.24507184282110117,0.3955743946901722,0.3547083859628326,-0.5872374613287573,0.598,-3.168749433842667,1.0
CTSF_time,SPREAD,12,0.05,29,85,1.4500000000000002,True,3,0.10344827586206896,0.24507184282110117,0.3955743946901722,0.3547083859628326,-0.7905715943719491,0.5745,-3.7811444061318915,1.0
CTS_equal,SPREAD,12,0.05,29,85,1.4500000000000002,True,1,0.034482758620689655,0.6853337488489716,0.7854708144482555,0.8876859655508784,0.35912700971903533,0.598,-0.922618970842894,1.0
CTS_macro,SPREAD,12,0.05,29,85,1.4500000000000002,True,1,0.034482758620689655,0.6853337488489716,0.7854708144482555,0.8876859655508784,0.39423530785576283,0.598,-0.8172940764327116,1.0
CTS_time,SPREAD,12,0.05,29,85,1.4500000000000002,True,1,0.034482758620689655,0.6853337488489716,0.7854708144482555,0.8876859655508784,0.2653228674038116,0.598,-1.204031397788565,1.0
FHS_equal,SPREAD,12,0.05,29,85,1.4500000000000002,True,0,0.0,0.08455954827604395,1.0,0.22593554099256563,1.0,0.0,1.0,1.0
FHS_macro,SPREAD,12,0.05,29,85,1.4500000000000002,True,1,0.034482758620689655,0.6853337488489716,0.7854708144482555,0.8876859655508784,0.9088413578134918,0.0,0.7265240734404754,1.0
FHS_time,SPREAD,12,0.05,29,85,1.4500000000000002,True,0,0.0,0.08455954827604395,1.0,0.22593554099256563,1.0,0.0,1.0,1.0
RW_equal,SPREAD,12,0.05,29,85,1.4500000000000002,True,1,0.034482758620689655,0.6853337488489716,0.7854708144482555,0.8876859655508784,0.8924467268585271,0.0,0.6773401805755814,1.0
VARL_equal,SPREAD,12,0.05,29,85,1.4500000000000002,True,1,0.034482758620689655,0.6853337488489716,0.7854708144482555,0.8876859655508784,0.2550285961558153,0.598,-1.234914211532554,1.0
VARL_time,SPREAD,12,0.05,29,85,1.4500000000000002,True,1,0.034482758620689655,0.6853337488489716,0.7854708144482555,0.8876859655508784,0.18963368711871798,0.598,-1.4310989386438462,1.0
VECM_equal,SPREAD,12,0.05,29,85,1.4500000000000002,True,1,0.034482758620689655,0.6853337488489716,0.7854708144482555,0.8876859655508784,0.22892424721108076,0.598,-1.313227258366758,1.0
VECM_macro,SPREAD,12,0.05,29,85,1.4500000000000002,True,1,0.034482758620689655,0.6853337488489716,0.7854708144482555,0.8876859655508784,0.13082610516483473,0.598,-1.6075216845054956,1.0
VECM_time,SPREAD,12,0.05,29,85,1.4500000000000002,True,1,0.034482758620689655,0.6853337488489716,0.7854708144482555,0.8876859655508784,0.15416918383585013,0.598,-1.5374924484924497,1.0
AR_equal,SPREAD,20,0.01,17,85,0.17,True,0,0.0,0.5588430203471193,1.0,0.8429431933839268,1.0,0.0,1.0,1.0
AR_macro,SPREAD,20,0.01,17,85,0.17,True,0,0.0,0.5588430203471193,1.0,0.8429431933839268,1.0,0.0,1.0,1.0
AR_macro_nc,SPREAD,20,0.01,17,85,0.17,True,0,0.0,0.5588430203471193,1.0,0.8429431933839268,1.0,0.0,1.0,1.0
AR_time,SPREAD,20,0.01,17,85,0.17,True,0,0.0,0.5588430203471193,1.0,0.8429431933839268,1.0,0.0,1.0,1.0
CTSF_equal,SPREAD,20,0.01,17,85,0.17,True,0,0.0,0.5588430203471193,1.0,0.8429431933839268,1.0,0.0,1.0,1.0
CTSF_macro,SPREAD,20,0.01,17,85,0.17,True,0,0.0,0.5588430203471193,1.0,0.8429431933839268,1.0,0.0,1.0,1.0
CTSF_time,SPREAD,20,0.01,17,85,0.17,True,0,0.0,0.5588430203471193,1.0,0.8429431933839268,1.0,0.0,1.0,1.0
CTS_equal,SPREAD,20,0.01,17,85,0.17,True,0,0.0,0.5588430203471193,1.0,0.8429431933839268,1.0,0.0,1.0,1.0
CTS_macro,SPREAD,20,0.01,17,85,0.17,True,0,0.0,0.5588430203471193,1.0,0.8429431933839268,1.0,0.0,1.0,1.0
CTS_time,SPREAD,20,0.01,17,85,0.17,True,0,0.0,0.5588430203471193,1.0,0.8429431933839268,1.0,0.0,1.0,1.0
FHS_equal,SPREAD,20,0.01,17,85,0.17,True,0,0.0,0.5588430203471193,1.0,0.8429431933839268,1.0,0.0,1.0,1.0
FHS_macro,SPREAD,20,0.01,17,85,0.17,True,0,0.0,0.5588430203471193,1.0,0.8429431933839268,1.0,0.0,1.0,1.0
FHS_time,SPREAD,20,0.01,17,85,0.17,True,0,0.0,0.5588430203471193,1.0,0.8429431933839268,1.0,0.0,1.0,1.0
RW_equal,SPREAD,20,0.01,17,85,0.17,True,0,0.0,0.5588430203471193,1.0,0.8429431933839268,1.0,0.0,1.0,1.0
VARL_equal,SPREAD,20,0.01,17,85,0.17,True,0,0.0,0.5588430203471193,1.0,0.8429431933839268,1.0,0.0,1.0,1.0
VARL_time,SPREAD,20,0.01,17,85,0.17,True,0,0.0,0.5588430203471193,1.0,0.8429431933839268,1.0,0.0,1.0,1.0
VECM_equal,SPREAD,20,0.01,17,85,0.17,True,0,0.0,0.5588430203471193,1.0,0.8429431933839268,1.0,0.0,1.0,1.0
VECM_macro,SPREAD,20,0.01,17,85,0.17,True,0,0.0,0.5588430203471193,1.0,0.8429431933839268,1.0,0.0,1.0,1.0
VECM_time,SPREAD,20,0.01,17,85,0.17,True,0,0.0,0.5588430203471193,1.0,0.8429431933839268,1.0,0.0,1.0,1.0
AR_equal,SPREAD,20,0.05,17,85,0.8500000000000001,True,0,0.0,0.18663633289520443,1.0,0.41812033521917724,1.0,0.0,1.0,1.0
AR_macro,SPREAD,20,0.05,17,85,0.8500000000000001,True,0,0.0,0.18663633289520443,1.0,0.41812033521917724,1.0,0.0,1.0,1.0
AR_macro_nc,SPREAD,20,0.05,17,85,0.8500000000000001,True,0,0.0,0.18663633289520443,1.0,0.41812033521917724,1.0,0.0,1.0,1.0
AR_time,SPREAD,20,0.05,17,85,0.8500000000000001,True,0,0.0,0.18663633289520443,1.0,0.41812033521917724,1.0,0.0,1.0,1.0
CTSF_equal,SPREAD,20,0.05,17,85,0.8500000000000001,True,0,0.0,0.18663633289520443,1.0,0.41812033521917724,1.0,0.0,1.0,1.0
CTSF_macro,SPREAD,20,0.05,17,85,0.8500000000000001,True,0,0.0,0.18663633289520443,1.0,0.41812033521917724,1.0,0.0,1.0,1.0
CTSF_time,SPREAD,20,0.05,17,85,0.8500000000000001,True,0,0.0,0.18663633289520443,1.0,0.41812033521917724,1.0,0.0,1.0,1.0
CTS_equal,SPREAD,20,0.05,17,85,0.8500000000000001,True,0,0.0,0.18663633289520443,1.0,0.41812033521917724,1.0,0.0,1.0,1.0
CTS_macro,SPREAD,20,0.05,17,85,0.8500000000000001,True,0,0.0,0.18663633289520443,1.0,0.41812033521917724,1.0,0.0,1.0,1.0
CTS_time,SPREAD,20,0.05,17,85,0.8500000000000001,True,0,0.0,0.18663633289520443,1.0,0.41812033521917724,1.0,0.0,1.0,1.0
FHS_equal,SPREAD,20,0.05,17,85,0.8500000000000001,True,0,0.0,0.18663633289520443,1.0,0.41812033521917724,1.0,0.0,1.0,1.0
FHS_macro,SPREAD,20,0.05,17,85,0.8500000000000001,True,0,0.0,0.18663633289520443,1.0,0.41812033521917724,1.0,0.0,1.0,1.0
FHS_time,SPREAD,20,0.05,17,85,0.8500000000000001,True,0,0.0,0.18663633289520443,1.0,0.41812033521917724,1.0,0.0,1.0,1.0
RW_equal,SPREAD,20,0.05,17,85,0.8500000000000001,True,0,0.0,0.18663633289520443,1.0,0.41812033521917724,1.0,0.0,1.0,1.0
VARL_equal,SPREAD,20,0.05,17,85,0.8500000000000001,True,0,0.0,0.18663633289520443,1.0,0.41812033521917724,1.0,0.0,1.0,1.0
VARL_time,SPREAD,20,0.05,17,85,0.8500000000000001,True,0,0.0,0.18663633289520443,1.0,0.41812033521917724,1.0,0.0,1.0,1.0
VECM_equal,SPREAD,20,0.05,17,85,0.8500000000000001,True,0,0.0,0.18663633289520443,1.0,0.41812033521917724,1.0,0.0,1.0,1.0
VECM_macro,SPREAD,20,0.05,17,85,0.8500000000000001,True,0,0.0,0.18663633289520443,1.0,0.41812033521917724,1.0,0.0,1.0,1.0
VECM_time,SPREAD,20,0.05,17,85,0.8500000000000001,True,0,0.0,0.18663633289520443,1.0,0.41812033521917724,1.0,0.0,1.0,1.0
AR_equal,WTI,1,0.01,85,85,0.85,True,1,0.011764705882352941,0.8736084421728973,0.8766384351074676,0.9756013946454645,-0.1684541396920687,0.62,-2.505362419076206,1.0
AR_macro,WTI,1,0.01,85,85,0.85,True,1,0.011764705882352941,0.8736084421728973,0.8766384351074676,0.9756013946454645,-1.930134237989867,0.62,-7.790402713969601,1.0
AR_macro_nc,WTI,1,0.01,85,85,0.85,True,1,0.011764705882352941,0.8736084421728973,0.8766384351074676,0.9756013946454645,-1.8020240342180058,0.62,-7.406072102654017,1.0
AR_time,WTI,1,0.01,85,85,0.85,True,1,0.011764705882352941,0.8736084421728973,0.8766384351074676,0.9756013946454645,-1.7037089399698826,0.62,-7.111126819909648,1.0
CTSF_equal,WTI,1,0.01,85,85,0.85,True,1,0.011764705882352941,0.8736084421728973,0.8766384351074676,0.9756013946454645,-1.0998561867280812,0.62,-5.299568560184243,1.0
CTSF_macro,WTI,1,0.01,85,85,0.85,True,1,0.011764705882352941,0.8736084421728973,0.8766384351074676,0.9756013946454645,-1.012023406443829,0.62,-5.036070219331487,1.0
CTSF_time,WTI,1,0.01,85,85,0.85,True,1,0.011764705882352941,0.8736084421728973,0.8766384351074676,0.9756013946454645,-1.355025541547871,0.62,-6.065076624643613,1.0
CTS_equal,WTI,1,0.01,85,85,0.85,True,1,0.011764705882352941,0.8736084421728973,0.8766384351074676,0.9756013946454645,-1.0023214475734161,0.62,-5.006964342720249,1.0
CTS_macro,WTI,1,0.01,85,85,0.85,True,1,0.011764705882352941,0.8736084421728973,0.8766384351074676,0.9756013946454645,-0.9388620500503791,0.62,-4.816586150151138,1.0
CTS_time,WTI,1,0.01,85,85,0.85,True,1,0.011764705882352941,0.8736084421728973,0.8766384351074676,0.9756013946454645,-1.2751585730146147,0.62,-5.825475719043843,1.0
FHS_equal,WTI,1,0.01,85,85,0.85,True,1,0.011764705882352941,0.8736084421728973,0.8766384351074676,0.9756013946454645,-0.7958501366547175,0.62,-4.3875504099641525,1.0
FHS_macro,WTI,1,0.01,85,85,0.85,True,1,0.011764705882352941,0.8736084421728973,0.8766384351074676,0.9756013946454645,-3.611899961106688,0.62,-12.835699883320066,1.0
FHS_time,WTI,1,0.01,85,85,0.85,True,1,0.011764705882352941,0.8736084421728973,0.8766384351074676,0.9756013946454645,-2.4652551027823626,0.62,-9.395765308347087,1.0
RW_equal,WTI,1,0.01,85,85,0.85,True,1,0.011764705882352941,0.8736084421728973,0.8766384351074676,0.9756013946454645,0.18227540832089328,0.62,-1.4531737750373201,1.0
VARL_equal,WTI,1,0.01,85,85,0.85,True,1,0.011764705882352941,0.8736084421728973,0.8766384351074676,0.9756013946454645,0.3948839888983827,0.62,-0.8153480333048518,1.0
VARL_time,WTI,1,0.01,85,85,0.85,True,1,0.011764705882352941,0.8736084421728973,0.8766384351074676,0.9756013946454645,-1.1259848183498022,0.62,-5.377954455049407,1.0
VECM_equal,WTI,1,0.01,85,85,0.85,True,1,0.011764705882352941,0.8736084421728973,0.8766384351074676,0.9756013946454645,0.2734439078324021,0.62,-1.1796682765027937,1.0
VECM_macro,WTI,1,0.01,85,85,0.85,True,1,0.011764705882352941,0.8736084421728973,0.8766384351074676,0.9756013946454645,-1.373851294447184,0.62,-6.1215538833415515,1.0
VECM_time,WTI,1,0.01,85,85,0.85,True,1,0.011764705882352941,0.8736084421728973,0.8766384351074676,0.9756013946454645,-1.2058379774394143,0.62,-5.617513932318244,1.0
AR_equal,WTI,1,0.05,85,85,4.25,False,3,0.03529411764705882,0.5122782991918476,0.637313395554705,0.7219193657385641,0.0914853438143295,0.884,-1.281155237450128,1.0
AR_macro,WTI,1,0.05,85,85,4.25,False,3,0.03529411764705882,0.5122782991918476,0.637313395554705,0.7219193657385641,-0.5116446560640845,0.6405,-3.024517956707493,1.0
AR_macro_nc,WTI,1,0.05,85,85,4.25,False,3,0.03529411764705882,0.5122782991918476,0.637313395554705,0.7219193657385641,-0.44679814895531744,0.636,-2.852292426357134,1.0
AR_time,WTI,1,0.05,85,85,4.25,False,3,0.03529411764705882,0.5122782991918476,0.637313395554705,0.7219193657385641,-0.6219706730239185,0.6145,-3.3271400877434503,1.0
CTSF_equal,WTI,1,0.05,85,85,4.25,False,3,0.03529411764705882,0.5122782991918476,0.637313395554705,0.7219193657385641,0.002535398010972923,1.0,-1.5314751840888876,1.0
CTSF_macro,WTI,1,0.05,85,85,4.25,False,3,0.03529411764705882,0.5122782991918476,0.637313395554705,0.7219193657385641,-0.7000593103180753,0.618,-3.5252887697693964,1.0
CTSF_time,WTI,1,0.05,85,85,4.25,False,3,0.03529411764705882,0.5122782991918476,0.637313395554705,0.7219193657385641,-0.8354647034588428,0.561,-3.776054792491802,1.0
CTS_equal,WTI,1,0.05,85,85,4.25,False,3,0.03529411764705882,0.5122782991918476,0.637313395554705,0.7219193657385641,0.060016346464299174,0.9385,-1.390047629673688,1.0
CTS_macro,WTI,1,0.05,85,85,4.25,False,3,0.03529411764705882,0.5122782991918476,0.637313395554705,0.7219193657385641,-0.6752969447117303,0.624,-3.445042026265975,1.0
CTS_time,WTI,1,0.05,85,85,4.25,False,3,0.03529411764705882,0.5122782991918476,0.637313395554705,0.7219193657385641,-0.7771313817057025,0.601,-3.6485905837841215,1.0
FHS_equal,WTI,1,0.05,85,85,4.25,False,4,0.047058823529411764,0.9000458473117839,0.5270031096603232,0.8122301624791386,0.0422985586046854,0.878,-1.7149772369106864,0.9908937037447761
FHS_macro,WTI,1,0.05,85,85,4.25,False,5,0.058823529411764705,0.716185540119278,0.42613478510054914,0.6819794433314821,-0.4706755501291174,0.6235,-2.857128480463394,0.9061503766795538
FHS_time,WTI,1,0.05,85,85,4.25,False,6,0.07058823529411765,0.4108676985419013,0.33642965736154473,0.4492665274809724,-0.6201267486416474,0.621,-3.2406501311304736,0.8737153019934738
RW_equal,WTI,1,0.05,85,85,4.25,False,3,0.03529411764705882,0.5122782991918476,0.637313395554705,0.7219193657385641,0.21974098458504635,0.6955,-0.9608707589162343,1.0
VARL_equal,WTI,1,0.05,85,85,4.25,False,3,0.03529411764705882,0.5122782991918476,0.637313395554705,0.7219193657385641,0.2831252259362997,0.562,-0.7772687187681997,1.0
VARL_time,WTI,1,0.05,85,85,4.25,False,3,0.03529411764705882,0.5122782991918476,0.637313395554705,0.7219193657385641,-0.3898083606427078,0.647,-2.6787785791536374,1.0
VECM_equal,WTI,1,0.05,85,85,4.25,False,3,0.03529411764705882,0.5122782991918476,0.637313395554705,0.7219193657385641,0.23675692200959522,0.6325,-0.9392876770076628,1.0
VECM_macro,WTI,1,0.05,85,85,4.25,False,3,0.03529411764705882,0.5122782991918476,0.637313395554705,0.7219193657385641,-0.3437564418575159,0.7075,-2.5740012782408095,1.0
VECM_time,WTI,1,0.05,85,85,4.25,False,3,0.03529411764705882,0.5122782991918476,0.637313395554705,0.7219193657385641,-0.44209323225784614,0.645,-2.904234608624747,1.0
AR_equal,WTI,4,0.01,85,85,0.85,True,2,0.023529411764705882,0.2859795578030728,0.7547646576940108,0.5390151613584997,-9.600552316683816,0.253,-29.288900249260678,1.0
AR_macro,WTI,4,0.01,85,85,0.85,True,2,0.023529411764705882,0.2859795578030728,0.7547646576940108,0.5390151613584997,-2.9882654874767454,0.63,-10.954091725771834,1.0
AR_macro_nc,WTI,4,0.01,85,85,0.85,True,1,0.011764705882352941,0.8736084421728973,0.8766384351074676,0.9756013946454645,-2.6020918042680545,0.63,-9.806275412804164,1.0
AR_time,WTI,4,0.01,85,85,0.85,True,2,0.023529411764705882,0.2859795578030728,0.7547646576940108,0.5390151613584997,-1.5900209897000717,0.6055,-6.302423456159568,1.0
CTSF_equal,WTI,4,0.01,85,85,0.85,True,2,0.023529411764705882,0.2859795578030728,0.7547646576940108,0.5390151613584997,-8.522393580099552,0.2545,-24.753091380201283,1.0
CTSF_macro,WTI,4,0.01,85,85,0.85,True,2,0.023529411764705882,0.2859795578030728,0.7547646576940108,0.5390151613584997,-2.4717215022970334,0.604,-8.95970000936798,1.0
CTSF_time,WTI,4,0.01,85,85,0.85,True,2,0.023529411764705882,0.2859795578030728,0.7547646576940108,0.5390151613584997,-2.3438460793473594,0.4785,-8.076593802799923,1.0
CTS_equal,WTI,4,0.01,85,85,0.85,True,2,0.023529411764705882,0.2859795578030728,0.7547646576940108,0.5390151613584997,-8.026280949636492,0.2545,-23.54797988769206,1.0
CTS_macro,WTI,4,0.01,85,85,0.85,True,2,0.023529411764705882,0.2859795578030728,0.7547646576940108,0.5390151613584997,-2.216566729859398,0.6255,-8.359376391689631,1.0
CTS_time,WTI,4,0.01,85,85,0.85,True,2,0.023529411764705882,0.2859795578030728,0.7547646576940108,0.5390151613584997,-1.9988727167860778,0.4785,-7.290062382902964,1.0
FHS_equal,WTI,4,0.01,85,85,0.85,True,1,0.011764705882352941,0.8736084421728973,0.8766384351074676,0.9756013946454645,-2.3489567248813485,0.63,-9.046870174644047,1.0
FHS_macro,WTI,4,0.01,85,85,0.85,True,2,0.023529411764705882,0.2859795578030728,0.7547646576940108,0.5390151613584997,-2.545916684265785,0.63,-9.637750052797355,1.0
FHS_time,WTI,4,0.01,85,85,0.85,True,3,0.03529411764705882,0.06835060349370203,0.637313395554705,0.16995306544995759,-0.7239614170237072,0.63,-4.063912154975434,1.0
RW_equal,WTI,4,0.01,85,85,0.85,True,2,0.023529411764705882,0.2859795578030728,0.7547646576940108,0.5390151613584997,-4.928054761501328,0.4675,-16.23419328319666,1.0
VARL_equal,WTI,4,0.01,85,85,0.85,True,2,0.023529411764705882,0.2859795578030728,0.7547646576940108,0.5390151613584997,-5.07594127925249,0.4675,-16.291193978429305,1.0
VARL_time,WTI,4,0.01,85,85,0.85,True,1,0.011764705882352941,0.8736084421728973,0.8766384351074676,0.9756013946454645,-0.8510765483747872,0.63,-4.553229645124362,1.0
VECM_equal,WTI,4,0.01,85,85,0.85,True,2,0.023529411764705882,0.2859795578030728,0.7547646576940108,0.5390151613584997,-5.185216157008687,0.4675,-16.784666013792595,1.0
VECM_macro,WTI,4,0.01,85,85,0.85,True,1,0.011764705882352941,0.8736084421728973,0.8766384351074676,0.9756013946454645,-2.4884300989984736,0.63,-9.46529029699542,1.0
VECM_time,WTI,4,0.01,85,85,0.85,True,1,0.011764705882352941,0.8736084421728973,0.8766384351074676,0.9756013946454645,-0.6313075933438691,0.63,-3.8939227800316076,1.0
AR_equal,WTI,4,0.05,85,85,4.25,False,7,0.08235294117647059,0.20867267686510071,0.5823580960644019,0.3900327566902674,-1.5199554443124368,0.2995,-4.842145193626073,0.7704010489405932
AR_macro,WTI,4,0.05,85,85,4.25,False,6,0.07058823529411765,0.4108676985419013,0.4103875577410381,0.5081477164668713,-1.0632017876477762,0.367,-3.722533521582748,0.667089796000895
AR_macro_nc,WTI,4,0.05,85,85,4.25,False,6,0.07058823529411765,0.4108676985419013,0.4103875577410381,0.5081477164668713,-0.8299501082916999,0.4555,-3.303388410579414,0.7556078604612728
AR_time,WTI,4,0.05,85,85,4.25,False,5,0.058823529411764705,0.716185540119278,0.42613478510054914,0.6819794433314821,-0.841556379293596,0.375,-3.0194184681637433,0.7331824532445136
CTSF_equal,WTI,4,0.05,85,85,4.25,False,7,0.08235294117647059,0.20867267686510071,0.5823580960644019,0.3900327566902674,-1.6507314926339176,0.2965,-5.2938142905476475,0.8323565735722801
CTSF_macro,WTI,4,0.05,85,85,4.25,False,6,0.07058823529411765,0.4108676985419013,0.33642965736154473,0.4492665274809724,-1.0886132415949017,0.3675,-3.8029991281215003,0.7922166547676448
CTSF_time,WTI,4,0.05,85,85,4.25,False,5,0.058823529411764705,0.716185540119278,0.42613478510054914,0.6819794433314821,-0.862727523157786,0.4025,-3.146414083491443,0.889887558713851
CTS_equal,WTI,4,0.05,85,85,4.25,False,5,0.058823529411764705,0.716185540119278,0.2641512510381311,0.5018153046222198,-1.466240915073142,0.33,-4.9288057389330096,0.891636780393273
CTS_macro,WTI,4,0.05,85,85,4.25,False,5,0.058823529411764705,0.716185540119278,0.42613478510054914,0.6819794433314821,-0.9807091146671919,0.4065,-3.6150772972891225,0.8423124445115746
CTS_time,WTI,4,0.05,85,85,4.25,False,5,0.058823529411764705,0.716185540119278,0.42613478510054914,0.6819794433314821,-0.7689893306655493,0.462,-2.988472427191878,0.9219388772883103
FHS_equal,WTI,4,0.05,85,85,4.25,False,5,0.058823529411764705,0.716185540119278,0.2641512510381311,0.5018153046222198,-0.780370647147158,0.48,-3.1966452206975813,0.7729642884712455
FHS_macro,WTI,4,0.05,85,85,4.25,False,5,0.058823529411764705,0.716185540119278,0.42613478510054914,0.6819794433314821,-0.6747373354269565,0.5075,-2.857099983584414,0.9072996564180501
FHS_time,WTI,4,0.05,85,85,4.25,False,5,0.058823529411764705,0.716185540119278,0.42613478510054914,0.6819794433314821,-0.5035851536120836,0.538,-2.3064933458707313,0.8465174822760496
RW_equal,WTI,4,0.05,85,85,4.25,False,3,0.03529411764705882,0.5122782991918476,0.637313395554705,0.7219193657385641,-0.8452395126996112,0.525,-3.923047959254911,1.0
VARL_equal,WTI,4,0.05,85,85,4.25,False,4,0.047058823529411764,0.9000458473117839,0.14949739325532385,0.3511386948019952,-1.0816619329367003,0.416,-4.130454180065453,0.8512683627255415
VARL_time,WTI,4,0.05,85,85,4.25,False,5,0.058823529411764705,0.716185540119278,0.42613478510054914,0.6819794433314821,-0.3948705332456098,0.619,-2.2514732510460114,0.9536524109897361
VECM_equal,WTI,4,0.05,85,85,4.25,False,4,0.047058823529411764,0.9000458473117839,0.14949739325532385,0.3511386948019952,-0.8324918907268215,0.491,-3.55462098919537,0.9196754726814905
VECM_macro,WTI,4,0.05,85,85,4.25,False,5,0.058823529411764705,0.716185540119278,0.42613478510054914,0.6819794433314821,-0.3889535409087248,0.6895,-2.448798308173296,0.9432663217890757
VECM_time,WTI,4,0.05,85,85,4.25,False,4,0.047058823529411764,0.9000458473117839,0.5270031096603232,0.8122301624791386,-0.25159329723131757,0.7415,-1.993368208396237,0.9829480453599153
AR_equal,WTI,12,0.01,29,85,0.29,True,1,0.034482758620689655,0.3001666580096988,0.7854708144482555,0.5633961176945674,-0.876286153098028,0.6045,-4.628858459294085,1.0
AR_macro,WTI,12,0.01,29,85,0.29,True,0,0.0,0.44517024808373995,1.0,0.7471720943315963,1.0,0.0,1.0,1.0
AR_macro_nc,WTI,12,0.01,29,85,0.29,True,1,0.034482758620689655,0.3001666580096988,0.7854708144482555,0.5633961176945674,-0.5496402510106898,0.6045,-3.648920753032069,1.0
AR_time,WTI,12,0.01,29,85,0.29,True,0,0.0,0.44517024808373995,1.0,0.7471720943315963,1.0,0.0,1.0,1.0
CTSF_equal,WTI,12,0.01,29,85,0.29,True,1,0.034482758620689655,0.3001666580096988,0.7854708144482555,0.5633961176945674,-1.7129087898906226,0.6045,-7.138726369671868,1.0
CTSF_macro,WTI,12,0.01,29,85,0.29,True,0,0.0,0.44517024808373995,1.0,0.7471720943315963,1.0,0.0,1.0,1.0
CTSF_time,WTI,12,0.01,29,85,0.29,True,0,0.0,0.44517024808373995,1.0,0.7471720943315963,1.0,0.0,1.0,1.0
CTS_equal,WTI,12,0.01,29,85,0.29,True,1,0.034482758620689655,0.3001666580096988,0.7854708144482555,0.5633961176945674,-1.1340962045371095,0.6045,-5.402288613611328,1.0
CTS_macro,WTI,12,0.01,29,85,0.29,True,0,0.0,0.44517024808373995,1.0,0.7471720943315963,1.0,0.0,1.0,1.0
CTS_time,WTI,12,0.01,29,85,0.29,True,0,0.0,0.44517024808373995,1.0,0.7471720943315963,1.0,0.0,1.0,1.0
FHS_equal,WTI,12,0.01,29,85,0.29,True,1,0.034482758620689655,0.3001666580096988,0.7854708144482555,0.5633961176945674,0.7001661067607311,0.0145,0.10049832028219345,1.0
FHS_macro,WTI,12,0.01,29,85,0.29,True,1,0.034482758620689655,0.3001666580096988,0.7854708144482555,0.5633961176945674,0.637735685288342,0.0765,-0.08679294413497399,1.0
FHS_time,WTI,12,0.01,29,85,0.29,True,0,0.0,0.44517024808373995,1.0,0.7471720943315963,1.0,0.0,1.0,1.0
RW_equal,WTI,12,0.01,29,85,0.29,True,0,0.0,0.44517024808373995,1.0,0.7471720943315963,1.0,0.0,1.0,1.0
VARL_equal,WTI,12,0.01,29,85,0.29,True,1,0.034482758620689655,0.3001666580096988,0.7854708144482555,0.5633961176945674,0.2870166621712988,0.6045,-1.1389500134861037,1.0
VARL_time,WTI,12,0.01,29,85,0.29,True,0,0.0,0.44517024808373995,1.0,0.7471720943315963,1.0,0.0,1.0,1.0
VECM_equal,WTI,12,0.01,29,85,0.29,True,0,0.0,0.44517024808373995,1.0,0.7471720943315963,1.0,0.0,1.0,1.0
VECM_macro,WTI,12,0.01,29,85,0.29,True,0,0.0,0.44517024808373995,1.0,0.7471720943315963,1.0,0.0,1.0,1.0
VECM_time,WTI,12,0.01,29,85,0.29,True,0,0.0,0.44517024808373995,1.0,0.7471720943315963,1.0,0.0,1.0,1.0
AR_equal,WTI,12,0.05,29,85,1.4500000000000002,True,2,0.06896551724137931,0.656837214101839,0.5789122401075852,0.776706755933998,-0.46274500558850196,0.6045,-3.2590244268669966,1.0
AR_macro,WTI,12,0.05,29,85,1.4500000000000002,True,1,0.034482758620689655,0.6853337488489716,0.7854708144482555,0.8876859655508784,-0.05511890982945681,0.6045,-2.1653567294883707,1.0
AR_macro_nc,WTI,12,0.05,29,85,1.4500000000000002,True,1,0.034482758620689655,0.6853337488489716,0.7854708144482555,0.8876859655508784,-0.3306391781050196,0.6045,-2.991917534315059,1.0
AR_time,WTI,12,0.05,29,85,1.4500000000000002,True,2,0.06896551724137931,0.656837214101839,0.5789122401075852,0.776706755933998,0.111238158098625,0.606,-1.6315449140710998,1.0
CTSF_equal,WTI,12,0.05,29,85,1.4500000000000002,True,2,0.06896551724137931,0.656837214101839,0.5789122401075852,0.776706755933998,-0.6688907969114278,0.6045,-3.6840399034141003,1.0
CTSF_macro,WTI,12,0.05,29,85,1.4500000000000002,True,1,0.034482758620689655,0.6853337488489716,0.7854708144482555,0.8876859655508784,0.130279284282162,0.6045,-1.609162147153514,1.0
CTSF_time,WTI,12,0.05,29,85,1.4500000000000002,True,1,0.034482758620689655,0.6853337488489716,0.7854708144482555,0.8876859655508784,0.1583143972648716,0.6045,-1.5250568082053853,1.0
CTS_equal,WTI,12,0.05,29,85,1.4500000000000002,True,2,0.06896551724137931,0.656837214101839,0.5789122401075852,0.776706755933998,-0.5173882789427873,0.6045,-3.374030590672089,1.0
CTS_macro,WTI,12,0.05,29,85,1.4500000000000002,True,1,0.034482758620689655,0.6853337488489716,0.7854708144482555,0.8876859655508784,0.20650275214488642,0.6045,-1.3804917435653408,1.0
CTS_time,WTI,12,0.05,29,85,1.4500000000000002,True,1,0.034482758620689655,0.6853337488489716,0.7854708144482555,0.8876859655508784,0.24055187433059533,0.6045,-1.2783443770082141,1.0
FHS_equal,WTI,12,0.05,29,85,1.4500000000000002,True,1,0.034482758620689655,0.6853337488489716,0.7854708144482555,0.8876859655508784,-0.1795975860263093,0.6045,-2.5387927580789276,1.0
FHS_macro,WTI,12,0.05,29,85,1.4500000000000002,True,1,0.034482758620689655,0.6853337488489716,0.7854708144482555,0.8876859655508784,-0.10115396496412275,0.6045,-2.303461894892368,1.0
FHS_time,WTI,12,0.05,29,85,1.4500000000000002,True,2,0.06896551724137931,0.656837214101839,0.5789122401075852,0.776706755933998,0.19748057949479159,0.6045,-1.376362897128381,1.0
RW_equal,WTI,12,0.05,29,85,1.4500000000000002,True,1,0.034482758620689655,0.6853337488489716,0.7854708144482555,0.8876859655508784,0.401535935361884,0.6045,-0.7953921939143481,1.0
VARL_equal,WTI,12,0.05,29,85,1.4500000000000002,True,1,0.034482758620689655,0.6853337488489716,0.7854708144482555,0.8876859655508784,-0.28029403088007415,0.6045,-2.8408820926402223,1.0
VARL_time,WTI,12,0.05,29,85,1.4500000000000002,True,1,0.034482758620689655,0.6853337488489716,0.7854708144482555,0.8876859655508784,0.2146929017335507,0.6045,-1.3559212947993478,1.0
VECM_equal,WTI,12,0.05,29,85,1.4500000000000002,True,1,0.034482758620689655,0.6853337488489716,0.7854708144482555,0.8876859655508784,0.3280683087658614,0.6045,-1.015795073702416,1.0
VECM_macro,WTI,12,0.05,29,85,1.4500000000000002,True,1,0.034482758620689655,0.6853337488489716,0.7854708144482555,0.8876859655508784,0.5603354558929186,0.0765,-0.31899363232124406,1.0
VECM_time,WTI,12,0.05,29,85,1.4500000000000002,True,1,0.034482758620689655,0.6853337488489716,0.7854708144482555,0.8876859655508784,0.7772370898186317,0.002,0.3317112694558951,1.0
AR_equal,WTI,20,0.01,17,85,0.17,True,1,0.058823529411764705,0.16524759896456886,0.7148995492194973,0.3571910794239648,-29.160543713003822,0.6005,-89.48163113901148,1.0
AR_macro,WTI,20,0.01,17,85,0.17,True,1,0.058823529411764705,0.16524759896456886,0.7148995492194973,0.3571910794239648,-20.647539498280864,0.6005,-63.9426184948426,1.0
AR_macro_nc,WTI,20,0.01,17,85,0.17,True,1,0.058823529411764705,0.16524759896456886,0.7148995492194973,0.3571910794239648,-24.814637195705018,0.6005,-76.44391158711505,1.0
AR_time,WTI,20,0.01,17,85,0.17,True,1,0.058823529411764705,0.16524759896456886,0.7148995492194973,0.3571910794239648,-25.80599602263157,0.6005,-79.41798806789473,1.0
CTSF_equal,WTI,20,0.01,17,85,0.17,True,1,0.058823529411764705,0.16524759896456886,0.7148995492194973,0.3571910794239648,-24.783669665045807,0.6005,-76.35100899513742,1.0
CTSF_macro,WTI,20,0.01,17,85,0.17,True,1,0.058823529411764705,0.16524759896456886,0.7148995492194973,0.3571910794239648,-15.790860220295974,0.6005,-49.37258066088792,1.0
CTSF_time,WTI,20,0.01,17,85,0.17,True,1,0.058823529411764705,0.16524759896456886,0.7148995492194973,0.3571910794239648,-24.4254225475693,0.6005,-75.27626764270792,1.0
CTS_equal,WTI,20,0.01,17,85,0.17,True,1,0.058823529411764705,0.16524759896456886,0.7148995492194973,0.3571910794239648,-24.083839734605984,0.6005,-74.25151920381795,1.0
CTS_macro,WTI,20,0.01,17,85,0.17,True,1,0.058823529411764705,0.16524759896456886,0.7148995492194973,0.3571910794239648,-15.718415285543037,0.6005,-49.15524585662911,1.0
CTS_time,WTI,20,0.01,17,85,0.17,True,1,0.058823529411764705,0.16524759896456886,0.7148995492194973,0.3571910794239648,-22.924059821110603,0.6005,-70.77217946333181,1.0
FHS_equal,WTI,20,0.01,17,85,0.17,True,1,0.058823529411764705,0.16524759896456886,0.7148995492194973,0.3571910794239648,-18.922463686704358,0.6005,-58.76739106011308,1.0
FHS_macro,WTI,20,0.01,17,85,0.17,True,1,0.058823529411764705,0.16524759896456886,0.7148995492194973,0.3571910794239648,-8.954625247301129,0.6005,-28.863875741903385,1.0
FHS_time,WTI,20,0.01,17,85,0.17,True,1,0.058823529411764705,0.16524759896456886,0.7148995492194973,0.3571910794239648,-16.004400344294087,0.6005,-50.01320103288226,1.0
RW_equal,WTI,20,0.01,17,85,0.17,True,1,0.058823529411764705,0.16524759896456886,0.7148995492194973,0.3571910794239648,-22.412966227453307,0.6005,-69.23889868235992,1.0
VARL_equal,WTI,20,0.01,17,85,0.17,True,1,0.058823529411764705,0.16524759896456886,0.7148995492194973,0.3571910794239648,-35.628363200294814,0.6005,-108.88508960088446,1.0
VARL_time,WTI,20,0.01,17,85,0.17,True,1,0.058823529411764705,0.16524759896456886,0.7148995492194973,0.3571910794239648,-28.269582898148276,0.6005,-86.80874869444482,1.0
VECM_equal,WTI,20,0.01,17,85,0.17,True,1,0.058823529411764705,0.16524759896456886,0.7148995492194973,0.3571910794239648,-19.134594264673918,0.6005,-59.40378279402176,1.0
VECM_macro,WTI,20,0.01,17,85,0.17,True,1,0.058823529411764705,0.16524759896456886,0.7148995492194973,0.3571910794239648,-8.857628978153752,0.6005,-28.572886934461252,1.0
VECM_time,WTI,20,0.01,17,85,0.17,True,1,0.058823529411764705,0.16524759896456886,0.7148995492194973,0.3571910794239648,-13.374305543975902,0.6005,-42.1229166319277,1.0
AR_equal,WTI,20,0.05,17,85,0.8500000000000001,True,2,0.11764705882352941,0.2720126920667876,0.44891564946860063,0.4106645344386778,-6.974707812824236,0.5965,-22.35577621468925,1.0
AR_macro,WTI,20,0.05,17,85,0.8500000000000001,True,2,0.11764705882352941,0.2720126920667876,0.44891564946860063,0.4106645344386778,-4.2180655508677765,0.5665,-13.96097323988879,1.0
AR_macro_nc,WTI,20,0.05,17,85,0.8500000000000001,True,2,0.11764705882352941,0.2720126920667876,0.44891564946860063,0.4106645344386778,-4.429685406695137,0.6005,-15.272071883879548,1.0
AR_time,WTI,20,0.05,17,85,0.8500000000000001,True,2,0.11764705882352941,0.2720126920667876,0.44891564946860063,0.4106645344386778,-5.334810364362006,0.4105,-16.33695841757516,1.0
CTSF_equal,WTI,20,0.05,17,85,0.8500000000000001,True,2,0.11764705882352941,0.2720126920667876,0.44891564946860063,0.4106645344386778,-6.742905785818713,0.5965,-21.613229578087818,1.0
CTSF_macro,WTI,20,0.05,17,85,0.8500000000000001,True,2,0.11764705882352941,0.2720126920667876,0.44891564946860063,0.4106645344386778,-3.935897332522051,0.5665,-13.049545380720588,1.0
CTSF_time,WTI,20,0.05,17,85,0.8500000000000001,True,2,0.11764705882352941,0.2720126920667876,0.44891564946860063,0.4106645344386778,-5.497576451238574,0.4105,-16.98128738013458,1.0
CTS_equal,WTI,20,0.05,17,85,0.8500000000000001,True,2,0.11764705882352941,0.2720126920667876,0.44891564946860063,0.4106645344386778,-6.2973447864184955,0.6005,-20.469596954991744,1.0
CTS_macro,WTI,20,0.05,17,85,0.8500000000000001,True,2,0.11764705882352941,0.2720126920667876,0.44891564946860063,0.4106645344386778,-3.6709140687435857,0.5965,-12.419713127687885,1.0
CTS_time,WTI,20,0.05,17,85,0.8500000000000001,True,2,0.11764705882352941,0.2720126920667876,0.44891564946860063,0.4106645344386778,-5.278057221263768,0.4105,-16.51923118775565,1.0
FHS_equal,WTI,20,0.05,17,85,0.8500000000000001,True,2,0.11764705882352941,0.2720126920667876,0.44891564946860063,0.4106645344386778,-5.692363799903288,0.4105,-17.940837515278613,1.0
FHS_macro,WTI,20,0.05,17,85,0.8500000000000001,True,2,0.11764705882352941,0.2720126920667876,0.44891564946860063,0.4106645344386778,-3.6698298873595308,0.4105,-11.605844787085434,1.0
FHS_time,WTI,20,0.05,17,85,0.8500000000000001,True,2,0.11764705882352941,0.2720126920667876,0.44891564946860063,0.4106645344386778,-4.380233220814219,0.2085,-12.934284569786291,1.0
RW_equal,WTI,20,0.05,17,85,0.8500000000000001,True,1,0.058823529411764705,0.8708415681735512,0.7148995492194973,0.9231774328446429,-4.82021311196296,0.6005,-16.46063933588888,1.0
VARL_equal,WTI,20,0.05,17,85,0.8500000000000001,True,1,0.058823529411764705,0.8708415681735512,0.7148995492194973,0.9231774328446429,-6.328088851167969,0.6005,-20.984266553503904,1.0
VARL_time,WTI,20,0.05,17,85,0.8500000000000001,True,1,0.058823529411764705,0.8708415681735512,0.7148995492194973,0.9231774328446429,-4.143200886680252,0.6005,-14.429602660040755,1.0
VECM_equal,WTI,20,0.05,17,85,0.8500000000000001,True,1,0.058823529411764705,0.8708415681735512,0.7148995492194973,0.9231774328446429,-3.9669458261737978,0.6005,-13.900837478521392,1.0
VECM_macro,WTI,20,0.05,17,85,0.8500000000000001,True,1,0.058823529411764705,0.8708415681735512,0.7148995492194973,0.9231774328446429,-2.3719098155275113,0.6005,-9.115729446582534,1.0
VECM_time,WTI,20,0.05,17,85,0.8500000000000001,True,1,0.058823529411764705,0.8708415681735512,0.7148995492194973,0.9231774328446429,-2.570383480552637,0.6005,-9.71115044165791,1.0
